1/16/2012 23:00,124.28,124.68,124.19,124.57
1/17/2012 23:00,125.2,125.67,124.36,125.59
1/18/2012 23:00,126.09,126.42,124.72,125.49
1/19/2012 23:00,126.49,126.94,124.95,125.19
1/20/2012 23:00,124.5,124.57,122.72,123.02
1/23/2012 23:00,123.8,124.94,123.4,124.31
1/24/2012 23:00,123.53,124.13,122.95,123.73
1/25/2012 23:00,122.96,125.1,122.23,124.19
1/26/2012 23:00,125.57,126.09,123.93,124.45
1/27/2012 23:00,124.24,125.33,123.83,124.17
1/30/2012 23:00,123.59,124.33,123.13,123.46
1/31/2012 23:00,124.83,125.99,122.56,123.16
2/1/2012 23:00,123.75,124.19,122.13,122.33
2/2/2012 23:00,121.6,121.83,120.14,121.05
2/3/2012 23:00,121.61,122.73,121.17,122.49
2/6/2012 23:00,121.24,122.38,121.08,121.59
2/7/2012 23:00,120.78,123.83,120.67,123.24
2/8/2012 23:00,124.33,124.79,122.8,123.4
2/9/2012 23:00,124.15,124.88,124.02,124.59
2/10/2012 23:00,123.05,123.66,122.02,123.38
2/13/2012 23:00,124.48,125.32,124.04,125.09
2/14/2012 23:00,125.95,126.54,124.98,125.51
2/15/2012 23:00,126.3,126.66,125.91,126.52
2/16/2012 23:00,125.96,127.39,125.93,127.04
2/17/2012 23:00,127.66,128.3,127.44,128.04
2/20/2012 23:00,129.8,129.99,129.61,129.67
2/21/2012 23:00,129.57,130.89,129.02,130.67
2/22/2012 23:00,130.29,131.13,130.08,130.76
2/23/2012 23:00,131,132.35,129.86,132.21
2/24/2012 23:00,132.98,134.36,132.36,134.18
2/27/2012 23:00,133.52,133.81,132.7,132.89
2/28/2012 23:00,132.22,133.2,130.71,131
2/29/2012 23:00,130.87,131.77,129.25,131.5
3/1/2012 23:00,131.8,133.31,131.11,133.18
3/2/2012 23:00,132.91,132.96,130.21,131.09
3/5/2012 23:00,131.18,131.83,130.44,131.13
3/6/2012 23:00,129.71,130.07,128.92,129.13
3/7/2012 23:00,129.63,130.65,128.76,130.56
3/8/2012 23:00,130.73,131.61,130.25,131.04
3/9/2012 23:00,130.89,132.61,130.54,131.81
3/12/2012 22:00,130.44,130.99,129.79,130.73
3/13/2012 22:00,131.03,131.76,130.08,131.12
3/14/2012 22:00,130.74,131.43,129.53,129.89
3/15/2012 22:00,130.4,130.59,128.19,129.6
3/16/2012 22:00,129.84,131.65,129.83,131.44
3/19/2012 22:00,131.99,132.61,131.77,132.47
3/20/2012 22:00,131.24,131.3,129.61,130.01
3/21/2012 22:00,130.12,131.55,130.06,131.19
3/22/2012 22:00,129.93,129.96,128.41,129.28
3/23/2012 22:00,129.73,132.16,129.07,130.77
3/26/2012 23:00,131.1,131.2,130.53,130.99
3/27/2012 23:00,131.11,131.64,130.43,131.24
3/28/2012 23:00,129.71,129.73,128.58,129.31
3/29/2012 23:00,128.98,129.35,126.04,126.71
3/30/2012 23:00,127.17,128.06,126.69,126.95
4/2/2012 23:00,126.43,129.4,125.97,129.15
4/3/2012 23:00,128.73,129.09,127.5,127.93
4/4/2012 23:00,126.54,127.03,124.99,125.44
4/5/2012 23:00,125.42,127.31,125.33,127.2
4/9/2012 23:00,125.51,126.45,124.72,126.36
4/10/2012 23:00,126.19,126.87,124.59,125.03
4/11/2012 23:00,125.25,127.04,125.09,126.57
4/12/2012 23:00,126.71,128.15,126.55,127.6
4/13/2012 23:00,127.32,127.48,126.52,126.75
4/16/2012 23:00,126.87,127.28,125.71,126.83
4/17/2012 23:00,127.91,128.98,127.9,128.13
4/18/2012 23:00,127.62,128.02,126.1,126.58
4/19/2012 23:00,126.31,126.84,125.6,126.29
4/20/2012 23:00,127.32,128.15,126.79,127.3
4/23/2012 23:00,126.12,126.61,125.29,126.56
4/24/2012 23:00,126.69,127.57,126.53,126.98
4/25/2012 23:00,127.09,128.04,126.58,127.58
4/26/2012 23:00,127.58,128.39,127.49,128.04
4/27/2012 23:00,127.91,128.47,127.5,128.32
4/30/2012 23:00,127.79,128.63,127.35,128.36
5/1/2012 23:00,128.22,129.9,128.05,129.65
5/2/2012 23:00,129.25,129.32,128.38,128.73
5/3/2012 23:00,128.56,128.58,125.83,126.03
5/4/2012 23:00,123.92,124.01,120.98,121.96
5/7/2012 23:00,120.87,121.66,119.88,121.34
5/8/2012 23:00,120.32,120.66,118.99,120.6
5/9/2012 23:00,119.16,120.35,118.64,120.26
5/10/2012 23:00,120.86,121.16,120.04,120.58
5/11/2012 23:00,119.17,120.67,119.15,119.5
5/14/2012 23:00,117.37,118.54,117.3,118.23
5/15/2012 23:00,118.35,118.56,117.25,117.44
5/16/2012 23:00,116.07,117.63,115.75,116.25
5/17/2012 23:00,117.2,117.22,115.56,116.01
5/18/2012 23:00,115.95,116.04,114.55,114.98
5/21/2012 23:00,115.09,116.11,114.93,116.03
5/22/2012 23:00,115.74,116.01,114.85,115.02
5/23/2012 23:00,114.66,114.71,112.45,112.97
5/24/2012 23:00,114.42,114.69,113.37,113.8
5/25/2012 23:00,113.62,114.34,113.57,114.04
5/28/2012 23:00,115.03,115.03,114.22,114.32
5/29/2012 23:00,114.38,115.38,113.42,113.92
5/30/2012 23:00,112.44,112.55,110.66,110.98
5/31/2012 23:00,110.68,110.95,109.03,109.68
6/1/2012 23:00,106.56,107.72,105.46,106.33
6/4/2012 23:00,105.42,107.26,105.42,107.12
6/5/2012 23:00,107.41,107.61,106.73,107.46
6/6/2012 23:00,107.97,109.44,107.92,108.23
6/7/2012 23:00,109.55,110.2,107.75,107.95
6/8/2012 23:00,105.46,107.33,105.45,107.26
6/11/2012 23:00,108.23,108.39,105.75,105.76
6/12/2012 23:00,105.83,106.89,105.77,106.52
6/13/2012 23:00,105.71,107.18,105.32,105.73
6/14/2012 23:00,106.1,107.12,105.54,107.01
6/15/2012 23:00,106.99,107.53,106.59,107.2
6/18/2012 23:00,105.79,107.04,105.21,106.43
6/19/2012 23:00,106.69,107.64,106.65,107.22
6/20/2012 23:00,107.06,107.09,104.17,104.34
6/21/2012 23:00,103.23,103.85,100.94,101.16
6/22/2012 23:00,101.09,103.26,101.07,102.62
6/25/2012 23:00,101.62,102.34,100.92,102.07
6/26/2012 23:00,101.94,102.57,101.25,102.23
6/27/2012 23:00,102.72,103.81,102.51,103.17
6/28/2012 23:00,103.62,103.68,100.17,100.62
6/29/2012 23:00,104.65,108.17,104.32,107.91
7/2/2012 23:00,106.86,107.31,104.99,106.61
7/3/2012 23:00,109.45,110.93,109.19,110.62
7/4/2012 23:00,109.99,110.21,109.72,109.94
7/5/2012 23:00,110.16,110.92,109.39,110.02
7/6/2012 23:00,107.39,108.11,107.05,107.25
7/9/2012 23:00,107.73,109.37,107.14,108.81
7/10/2012 23:00,108.59,108.64,106.57,106.81
7/11/2012 23:00,108.1,109.38,107.57,108.78
7/12/2012 23:00,107.7,109.26,107.1,108.92
7/13/2012 23:00,109.74,110.5,108.96,110.05
7/16/2012 23:00,109.79,111.37,109.73,111.31
7/17/2012 23:00,112.07,112.35,110.3,111.96
7/18/2012 23:00,111.75,112.93,111.75,112.78
7/19/2012 23:00,113.68,115.86,113.67,115.69
7/20/2012 23:00,113.91,114.79,113.53,114.48
7/23/2012 23:00,110.92,112.39,110.55,110.65
7/24/2012 23:00,110.29,111.7,110.27,111.12
7/25/2012 23:00,111.58,111.73,109.45,111.64
7/26/2012 23:00,112.93,113.08,111.65,112.01
7/27/2012 23:00,112.23,113.06,111.94,112.76
7/30/2012 23:00,112.43,112.95,111.94,112.41
7/31/2012 23:00,112.7,112.72,110.13,110.68
8/1/2012 23:00,111.03,112.08,110.53,111.58
8/2/2012 23:00,110.5,111.09,109.53,109.81
8/3/2012 23:00,110.92,114.35,110.92,114.01
8/6/2012 23:00,113.47,114.94,113.24,114.91
8/7/2012 23:00,115.15,117.03,115.08,116.27
8/8/2012 23:00,116.1,117.33,115.53,116
8/9/2012 23:00,116.49,116.82,115.77,116.02
8/10/2012 23:00,114.82,115.81,114.55,115.54
8/13/2012 23:00,116.41,116.75,114.66,115.37
8/14/2012 23:00,115.65,116.53,115.53,115.99
8/15/2012 23:00,115.59,117.51,115.34,116.96
8/16/2012 23:00,117.31,118.3,116.76,118.28
8/17/2012 23:00,118.22,118.89,117.72,118.6
8/20/2012 23:00,118.44,118.68,117.65,118.63
8/21/2012 23:00,119.66,120.18,119.1,119.22
8/22/2012 23:00,118.72,119.82,118.69,119.57
8/23/2012 23:00,119.77,120.25,118.08,118.56
8/24/2012 23:00,118.35,119.5,118.33,118.44
8/27/2012 23:00,119.03,119.08,116.74,117.87
8/28/2012 23:00,118.23,118.77,117.76,118.64
8/29/2012 23:00,118.22,118.7,117.09,117.83
8/30/2012 23:00,117.65,117.78,116.28,116.94
8/31/2012 23:00,118.2,119.25,117.24,118.79
9/3/2012 23:00,118.79,119.63,118.6,119.38
9/4/2012 23:00,118.88,119.1,117.3,117.67
9/5/2012 23:00,117.88,117.99,116.59,117.71
9/6/2012 23:00,118.19,120.04,117.59,117.92
9/7/2012 23:00,118.59,119.07,116.41,118.74
9/10/2012 23:00,118.62,118.92,117.67,118.86
9/11/2012 23:00,119.16,119.64,118.94,119.37
9/12/2012 23:00,119.65,119.81,118.64,119.34
9/13/2012 23:00,119.93,120.91,118.84,120.63
9/14/2012 23:00,121.81,122.24,120.83,121.27
9/17/2012 23:00,121.38,121.85,116.98,118.85
9/18/2012 23:00,118.32,118.95,117.48,117.6
9/19/2012 23:00,117.09,117.1,113.56,114.27
9/20/2012 23:00,114.04,114.7,113.54,114.36
9/21/2012 23:00,115.67,115.69,114.6,114.91
9/24/2012 23:00,113.37,114.12,113.07,113.95
9/25/2012 23:00,114.84,115.09,113.11,113.46
9/26/2012 23:00,112.25,112.65,110.96,111.94
9/27/2012 23:00,113.54,114.31,112.83,113.9
9/28/2012 23:00,113.86,114.47,113.46,114.2
10/1/2012 23:00,114.46,115.34,114.2,114.45
10/2/2012 23:00,114.74,114.76,113.84,113.9
10/3/2012 23:00,112.49,112.65,110.06,110.21
10/4/2012 23:00,110.98,113.8,110.68,113.7
10/5/2012 23:00,113.11,113.19,111.02,111.88
10/8/2012 23:00,110.54,111.9,110.52,111.44
10/9/2012 23:00,112.19,114.92,112.09,114.42
10/10/2012 23:00,114.14,115.67,113.03,113.26
10/11/2012 23:00,114.25,114.95,113.57,114.19
10/12/2012 23:00,114.31,114.65,113.17,113.84
10/15/2012 23:00,113.77,114.02,111.8,113.84
10/16/2012 23:00,114.1,114.31,113.31,114.09
10/17/2012 23:00,114.51,114.86,113.56,114.05
10/18/2012 23:00,113.49,114.56,112.69,113.99
10/19/2012 23:00,114.43,115.06,111.89,111.95
10/22/2012 23:00,112.16,112.31,110.15,110.27
10/23/2012 23:00,108.27,108.71,107.26,108.24
10/24/2012 23:00,108.1,108.4,106.51,107.33
10/25/2012 23:00,107.79,108.17,106.8,107.54
10/26/2012 23:00,107.64,107.94,107.11,107.81
10/29/2012 22:00,107.54,107.91,106.23,107.09
10/30/2012 22:00,107.6,107.81,107.02,107.22
10/31/2012 22:00,107.83,108.76,107.48,107.79
11/1/2012 22:00,108.02,108.99,107.66,108.63
11/2/2012 22:00,108.47,108.5,106.37,106.47
11/5/2012 23:00,106.53,107.32,106.29,107.2
11/6/2012 23:00,108.07,110.79,107.65,110.17
11/7/2012 23:00,109.1,109.11,105.62,106.07
11/8/2012 23:00,107.21,107.27,105.79,106.66
11/9/2012 23:00,106.08,108.34,105.91,107.66
11/12/2012 23:00,107.23,108.11,106.84,107.13
11/13/2012 23:00,106.53,107.52,106.14,106.95
11/14/2012 23:00,106.72,108.22,106.5,107.89
11/15/2012 23:00,108.13,108.4,106.25,107.03
11/16/2012 23:00,107.94,108.54,107.39,108.11
11/19/2012 23:00,109.55,110.95,109.55,110.5
11/20/2012 23:00,109.86,109.94,107.32,107.91
11/21/2012 23:00,108.86,109.03,107.52,108.56
11/22/2012 23:00,108.5,108.65,108.16,108.27
11/23/2012 23:00,108.47,109.68,108.42,109.41
11/26/2012 23:00,109.13,109.15,108.42,108.87
11/27/2012 23:00,109.03,109.16,107.98,108.34
11/28/2012 23:00,107.4,107.69,106.51,107.61
11/29/2012 23:00,108.84,109.84,108.77,109.19
11/30/2012 23:00,109.24,110.14,109.13,110.09
12/3/2012 23:00,110.89,111.48,109.9,110.2
12/4/2012 23:00,108.8,110.03,108.72,109.62
12/5/2012 23:00,109.52,109.72,108.61,109.02
12/6/2012 23:00,108.23,108.24,106.83,107.41
12/7/2012 23:00,107.88,107.89,106.98,107.03
12/10/2012 23:00,107.74,107.8,106.48,106.74
12/11/2012 23:00,106.95,107.1,106.36,106.91
12/12/2012 23:00,107.39,108.83,107.21,107.94
12/13/2012 23:00,107.41,108.12,106.96,107.05
12/14/2012 23:00,107.59,108.03,107.2,107.9
12/17/2012 23:00,108.1,108.83,107.85,108.25
12/18/2012 23:00,108.79,109.27,108.32,108.99
12/19/2012 23:00,109.29,110.97,109.1,110.64
12/20/2012 23:00,110.11,111.18,110.07,110.82
12/21/2012 23:00,109.75,109.92,108.6,109.33
12/24/2012 23:00,109.13,109.47,108.84,109.47
12/26/2012 23:00,109.94,111.94,109.94,111.69
12/27/2012 23:00,112.04,112.08,110.69,111.5
12/28/2012 23:00,111.75,112.03,110.96,111.46
12/31/2012 23:00,111.03,112.59,110.89,112.42
1/2/2013 23:00,114.23,114.51,113.22,113.74
1/3/2013 23:00,113.42,113.94,113.26,113.55
1/4/2013 23:00,112.99,113.79,112.86,113.71
1/7/2013 23:00,113.18,113.99,113.06,113.79
1/8/2013 23:00,114.09,114.38,113.31,113.85
1/9/2013 23:00,113.82,114.29,113.32,113.73
1/10/2013 23:00,115.19,115.25,114.25,114.46
1/11/2013 23:00,114.2,114.24,113.29,114.23
1/14/2013 23:00,114.57,114.91,113.59,114.87
1/15/2013 23:00,114.54,114.9,113.86,113.93
1/16/2013 23:00,113.86,115,113.85,114.88
1/17/2013 23:00,115.63,116.68,115.62,116.14
1/18/2013 23:00,116.08,116.32,115.55,116.25
1/21/2013 23:00,115.85,116.16,115.72,116.08
1/22/2013 23:00,116.28,117.08,116.16,116.88
1/23/2013 23:00,116.7,116.92,115.14,115.51
1/24/2013 23:00,116.3,116.87,115.99,116.13
1/25/2013 23:00,116.7,116.72,115.62,116.09
1/28/2013 23:00,116.86,117,115.66,116.63
1/29/2013 23:00,116.79,118.01,116.68,117.78
1/30/2013 23:00,117.85,118.17,117.53,118.13
1/31/2013 23:00,117.83,117.84,117.03,117.71
2/1/2013 23:00,117.71,118.34,116.7,117.96
2/4/2013 23:00,116.72,117.08,116.08,116.37
2/5/2013 23:00,116.95,117.26,116.72,116.85
2/6/2013 23:00,115.4,117.18,115.33,116.83
2/7/2013 23:00,116.8,117.4,115.73,116.03
2/8/2013 23:00,116.14,116.76,115.46,115.91
2/11/2013 23:00,115.53,117.28,115.35,117.2
2/12/2013 23:00,117.88,117.94,117.37,117.67
2/13/2013 23:00,118.22,118.24,116.82,117.22
2/14/2013 23:00,117.45,117.9,117.26,117.49
2/15/2013 23:00,117.05,117.05,115.4,116.13
2/18/2013 23:00,116.04,116.18,115.44,115.74
2/19/2013 23:00,116.14,116.95,115.81,116.89
2/20/2013 23:00,116.76,117.12,113.99,114.98
2/21/2013 23:00,113.35,113.41,112.41,112.56
2/22/2013 23:00,112.54,113.05,112.22,112.93
2/25/2013 23:00,113.7,113.72,112.47,112.88
2/26/2013 23:00,112.23,113.22,111.95,112.42
2/27/2013 23:00,112.13,113.15,111.96,112.58
2/28/2013 23:00,112.58,112.89,111.76,111.81
3/1/2013 23:00,110.77,110.88,109.82,110.46
3/4/2013 23:00,110.32,110.45,109.11,109.91
3/5/2013 23:00,110.15,110.77,109.8,110.54
3/6/2013 23:00,110.37,110.5,109.33,110.2
3/7/2013 23:00,110.85,111.51,110.67,111.31
3/8/2013 23:00,110.93,111.81,110.69,111.66
3/11/2013 22:00,111.43,111.93,110.67,111.84
3/12/2013 22:00,112.43,113.25,112.21,112.29
3/13/2013 22:00,112.78,113.18,111.69,112.24
3/14/2013 22:00,112,112.96,111.93,112.8
3/15/2013 22:00,113.55,113.62,112.78,113.26
3/18/2013 22:00,112.26,113.71,111.55,113.5
3/19/2013 22:00,113.49,113.68,111.84,111.91
3/20/2013 22:00,112.57,113.01,111.88,112.93
3/21/2013 22:00,112.65,112.79,111.25,111.89
3/22/2013 22:00,112.27,113.2,111.93,113.08
3/25/2013 22:00,113.86,115.06,113.42,114.2
3/26/2013 22:00,115.01,115.86,114.65,115.61
3/27/2013 22:00,115.33,116.25,115,116.03
3/28/2013 22:00,115.89,116.76,115.79,116.63
4/1/2013 23:00,116.1,116.52,115.33,116.48
4/2/2013 23:00,116.17,116.85,115.32,116.63
4/3/2013 23:00,116.15,116.31,113.71,113.9
4/4/2013 23:00,112.72,113.35,111.53,112.66
4/5/2013 23:00,111.79,112.44,111.42,112.12
4/8/2013 23:00,112.46,112.87,111.87,112.77
4/9/2013 23:00,112.89,113.89,112.27,113.59
4/10/2013 23:00,113.06,114.23,112.81,114
4/11/2013 23:00,113.87,113.92,112.47,112.85
4/12/2013 23:00,111.3,111.31,109.68,110.66
4/15/2013 23:00,109.07,109.23,107.27,108.15
4/16/2013 23:00,107.87,108.35,107.01,108.1
4/17/2013 23:00,107.2,107.56,105.47,106.08
4/18/2013 23:00,106.74,107.73,105.72,107.16
4/19/2013 23:00,107.59,107.73,106.95,107.4
4/22/2013 23:00,108.21,108.44,106.82,108.35
4/23/2013 23:00,107.14,108.43,107.13,108.29
4/24/2013 23:00,108.49,110.62,108.49,110.56
4/25/2013 23:00,110.99,113,110.24,112.78
4/26/2013 23:00,112.43,112.55,111.19,112.09
4/29/2013 23:00,112.48,113.82,112.31,113.59
4/30/2013 23:00,113.16,113.55,112.06,112.58
5/1/2013 23:00,110.63,110.71,109.24,110.13
5/2/2013 23:00,110.56,113.23,110.39,113.15
5/3/2013 23:00,114.18,115.17,113.95,114.75
5/6/2013 23:00,114.03,115.37,113.98,115.25
5/7/2013 23:00,114.67,115.39,114.05,114.75
5/8/2013 23:00,114.94,115.9,114.85,115.73
5/9/2013 23:00,115.12,115.6,114.48,115.45
5/10/2013 23:00,113.83,115.36,112.5,115.13
5/13/2013 23:00,114.59,114.81,113.6,114.25
5/14/2013 23:00,113.83,114.36,112.98,113.27
5/15/2013 23:00,112.13,113.55,111.26,113.36
5/16/2013 23:00,113.84,114.7,113.21,114.31
5/17/2013 23:00,114.99,115.58,114.11,115.13
5/20/2013 23:00,114.71,116.19,114.31,115.83
5/21/2013 23:00,115.43,115.81,114.56,114.94
5/22/2013 23:00,114.68,114.89,112.89,113.09
5/23/2013 23:00,111.68,113.19,111.05,112.98
5/24/2013 23:00,112.4,113.13,111.88,112.95
5/27/2013 23:00,112.3,112.54,112.28,112.49
5/28/2013 23:00,114.09,114.76,113.71,113.83
5/29/2013 23:00,113.19,114.06,111.88,111.95
5/30/2013 23:00,111.18,112.83,110.49,112.5
5/31/2013 23:00,111.37,112.04,110.67,110.77
6/3/2013 23:00,111.17,112.54,111.07,112.25
6/4/2013 23:00,112.08,113.25,111.22,112.17
6/5/2013 23:00,112.96,113.32,112.42,112.6
6/6/2013 23:00,112.99,114.16,112.99,113.58
6/7/2013 23:00,113.14,115.23,112.56,114.89
6/10/2013 23:00,114.17,114.81,114.03,114.64
6/11/2013 23:00,113.58,114.34,112.88,114.1
6/12/2013 23:00,114.16,115.29,114.16,114.79
6/13/2013 23:00,114.43,115.76,114.28,115.49
6/14/2013 23:00,116.27,117.09,116.23,116.68
6/17/2013 23:00,116.96,117.24,116.24,116.65
6/18/2013 23:00,116.84,117.41,116.54,117.25
6/19/2013 23:00,117.16,117.55,116.75,117.05
6/20/2013 23:00,115.12,115.12,113.62,113.66
6/21/2013 23:00,113.71,113.8,111.69,112.29
6/24/2013 23:00,112.23,114.16,111.64,113.72
6/25/2013 23:00,114.62,114.65,113.29,113.9
6/26/2013 23:00,113.66,114.17,112.25,114.06
6/27/2013 23:00,114.27,115.98,114.05,115.62
6/28/2013 23:00,115.72,116.2,115.01,115.09
7/1/2013 23:00,116.26,116.85,115.86,116.61
7/2/2013 23:00,117.25,118.44,117.01,117.99
7/3/2013 23:00,120.01,120.73,119.09,119.8
7/4/2013 23:00,119.55,119.81,119.45,119.69
7/5/2013 23:00,120.6,121.89,120.03,121.76
7/8/2013 23:00,120.9,122.14,120.84,121.69
7/9/2013 23:00,121.21,122.3,121.08,122.09
7/10/2013 23:00,123.96,125.23,123.48,125.05
7/11/2013 23:00,124.46,124.54,122.88,123.45
7/12/2013 23:00,124.13,124.64,123.35,124.5
7/15/2013 23:00,123.75,124.96,123.65,124.87
7/16/2013 23:00,125.49,125.51,124.27,124.57
7/17/2013 23:00,124.49,125.09,124.19,125.05
7/18/2013 23:00,125.48,126.98,125.45,126.59
7/19/2013 23:00,127.6,127.61,125.7,126.72
7/22/2013 23:00,127.31,127.39,125.34,125.63
7/23/2013 23:00,124.71,126.13,124.71,126.02
7/24/2013 23:00,125.22,125.74,123.58,124.23
7/25/2013 23:00,123.21,124.66,122.87,124.28
7/26/2013 23:00,123.54,124.01,122.69,123.52
7/29/2013 23:00,123.92,124.14,122.84,123.37
7/30/2013 23:00,122.38,122.74,121.46,121.88
7/31/2013 23:00,122.2,123.87,121.72,123.84
8/1/2013 23:00,125.71,126.85,125.5,126.66
8/2/2013 23:00,126.2,126.2,125.24,125.71
8/5/2013 23:00,124.91,125.87,124.49,125.35
8/6/2013 23:00,125.61,125.62,123.65,124.1
8/7/2013 23:00,123.9,124.32,122.94,123.16
8/8/2013 23:00,122.33,122.5,121.01,122.19
8/9/2013 23:00,122.53,125.03,122.41,124.79
8/12/2013 23:00,124.47,125.25,123.82,124.9
8/13/2013 23:00,125.24,125.8,124.35,125.56
8/14/2013 23:00,125.17,125.82,124.39,125.65
8/15/2013 23:00,126.35,126.64,125.39,126.13
8/16/2013 23:00,126.18,126.91,125.36,126.33
8/19/2013 23:00,125.59,126.49,125.25,125.82
8/20/2013 23:00,124.69,125.93,123.59,124.03
8/21/2013 23:00,123.39,124.03,122.46,122.84
8/22/2013 23:00,123.06,124.14,122.76,123.95
8/23/2013 23:00,123.88,125.9,123.26,125.39
8/26/2013 23:00,125.19,125.47,124.52,124.75
8/27/2013 23:00,127.2,128.28,127.2,127.96
8/28/2013 23:00,129.64,129.66,128.25,129.03
8/29/2013 23:00,128.38,129.03,127.36,127.43
8/30/2013 23:00,127.14,127.71,125.88,126.74
9/2/2013 23:00,125.84,125.9,125.42,125.78
9/3/2013 23:00,126.33,127.79,125.97,127.53
9/4/2013 23:00,127.1,127.1,125.73,126.15
9/5/2013 23:00,126.57,127.5,126.19,127.36
9/6/2013 23:00,128.22,129.66,128.2,129.5
9/9/2013 23:00,129.16,129.16,128.22,128.49
9/10/2013 23:00,126.01,126.52,125.35,126.35
9/11/2013 23:00,126.41,127.05,125.91,126.51
9/12/2013 23:00,127.28,128.12,126.79,127.61
9/13/2013 23:00,126.71,127.29,126.19,127.17
9/16/2013 23:00,125.51,126.34,125.06,125.53
9/17/2013 23:00,124.77,124.95,123.9,124.35
9/18/2013 23:00,124.74,127.23,124.7,127.12
9/19/2013 23:00,127.41,127.58,125.45,125.54
9/20/2013 23:00,125.13,125.75,124.29,124.65
9/23/2013 23:00,124.2,124.27,122.91,123.37
9/24/2013 23:00,122.59,123.01,122.09,122.89
9/25/2013 23:00,123.42,123.55,122.19,122.43
9/26/2013 23:00,122.73,122.98,122.16,122.79
9/27/2013 23:00,122.94,123.56,122.23,122.62
9/30/2013 23:00,121.35,122.17,120.84,122.1
10/1/2013 23:00,121.52,121.89,120.85,121.81
10/2/2013 23:00,121.81,124.02,121.3,123.87
10/3/2013 23:00,123.51,124.17,122.91,123.08
10/4/2013 23:00,123.82,123.98,123.11,123.57
10/7/2013 23:00,122.57,123.53,121.65,122.82
10/8/2013 23:00,123.46,123.87,123.13,123.31
10/9/2013 23:00,122.95,123.08,120.97,121.41
10/10/2013 23:00,121.25,123.36,120.95,122.79
10/11/2013 23:00,120.64,121.92,120.39,121.73
10/14/2013 23:00,121.13,122.41,120.85,122.18
10/15/2013 23:00,121.28,122,120.9,120.96
10/16/2013 23:00,120.71,122.76,120.54,122.08
10/17/2013 23:00,121,121.02,119.82,120.42
10/18/2013 23:00,121.34,121.54,120.36,120.68
10/21/2013 23:00,119.42,120.26,118.97,119.28
10/22/2013 23:00,119.23,119.86,117.71,117.88
10/23/2013 23:00,116.03,117.01,115.72,116.43
10/24/2013 23:00,116.12,116.8,115.51,116.68
10/25/2013 23:00,116.93,117.61,116.58,117.41
10/28/2013 22:00,117.16,118.38,116.93,118.25
10/29/2013 22:00,117.62,118.05,117.38,117.82
10/30/2013 22:00,116.89,117.06,116.15,116.28
10/31/2013 22:00,115.68,116.59,115.59,115.93
11/1/2013 22:00,115.31,115.31,114.1,114.17
11/4/2013 23:00,114.01,114.67,113.73,114.15
11/5/2013 23:00,113.73,113.86,112.63,112.96
11/6/2013 23:00,113.33,114.96,113.24,114.3
11/7/2013 23:00,113.82,114.09,113.36,113.8
11/8/2013 23:00,113.87,114.48,113.54,114.14
11/11/2013 23:00,113.85,114.94,113.73,114.7
11/12/2013 23:00,114.62,114.78,112.42,112.68
11/13/2013 23:00,112.87,114.1,112.83,113.47
11/14/2013 23:00,112.92,113.99,112.07,113.31
11/15/2013 23:00,113.47,114.11,113.14,113.38
11/18/2013 23:00,112.98,113.82,112.26,112.53
11/19/2013 23:00,112.43,113.01,112.11,112.81
11/20/2013 23:00,113.13,113.36,112.13,112.74
11/21/2013 23:00,112.99,114.51,112.99,114.22
11/22/2013 23:00,114.17,114.45,112.93,113.71
11/25/2013 23:00,112.31,113.38,111.96,112.91
11/26/2013 23:00,112.98,113.21,112.43,112.53
11/27/2013 23:00,111.23,111.45,110.65,111.17
11/28/2013 23:00,111.04,111.17,110.94,111.13
11/29/2013 23:00,111.53,112.78,111.47,111.66
12/2/2013 23:00,111.81,112.96,111.78,112.71
12/3/2013 23:00,112.64,115.07,112.55,114.92
12/4/2013 23:00,115.83,116.46,115.18,116.06
12/5/2013 23:00,116.36,116.87,115.98,116.27
12/6/2013 23:00,116.47,116.87,115.99,116.58
12/9/2013 23:00,116.61,116.78,116.15,116.28
12/10/2013 23:00,117.29,117.5,116.6,117.42
12/11/2013 23:00,117.14,117.31,116.08,116.35
12/12/2013 23:00,116.78,117.06,116.3,116.34
12/13/2013 23:00,115.46,115.93,115.14,115.41
12/16/2013 23:00,115.79,116.57,115.59,116.35
12/17/2013 23:00,116.49,116.76,115.93,116.08
12/18/2013 23:00,116.24,116.91,116.07,116.69
12/19/2013 23:00,116.58,118.1,116.46,117.68
12/20/2013 23:00,117.59,118.01,117.15,117.94
12/23/2013 23:00,117.84,117.91,117.28,117.54
12/24/2013 23:00,117.7,117.91,117.61,117.78
12/26/2013 23:00,117.94,118.31,117.82,118.16
12/27/2013 23:00,118.38,119.36,118.36,118.92
12/30/2013 23:00,118.49,118.71,117.75,117.89
12/31/2013 23:00,117.06,117.45,116.76,117.07
1/2/2014 23:00,116.18,116.27,113.95,114.1
1/3/2014 23:00,113.81,114.01,112.47,112.57
1/6/2014 23:00,112.77,112.82,111.81,112.07
1/7/2014 23:00,112.44,112.83,111.96,112.28
1/8/2014 23:00,112.33,112.38,110.87,110.93
1/9/2014 23:00,111.36,111.45,109.85,110.29
1/10/2014 23:00,111.53,111.61,110.6,111.27
1/13/2014 23:00,110.48,110.99,110.24,110.39
1/14/2014 23:00,110.96,111.49,110.57,111.13
1/15/2014 23:00,111.71,113.25,111.34,112.76
1/16/2014 23:00,112.83,112.98,112.21,112.52
1/17/2014 23:00,113.5,113.55,112.57,113.02
1/20/2014 23:00,112.68,112.75,112.14,112.52
1/21/2014 23:00,113.27,113.95,112.96,113.47
1/22/2014 23:00,114.35,115.38,114.13,115.21
1/23/2014 23:00,115.42,116.33,115.3,115.74
1/24/2014 23:00,115.7,115.98,114.74,115.19
2/3/2014 23:00,116.28,116.43,114.75,114.92
2/4/2014 23:00,115.27,116.2,115.27,115.73
2/5/2014 23:00,116.6,116.63,115.29,115.87
2/6/2014 23:00,116.81,117.32,115.93,116.33
2/7/2014 23:00,116.39,118.55,116.13,118.36
2/10/2014 23:00,118.3,119.04,118.03,118.56
2/11/2014 23:00,118.73,118.86,118.09,118.44
2/12/2014 23:00,119.41,119.87,118.53,118.87
2/13/2014 23:00,118.36,119.15,118.33,118.77
2/14/2014 23:00,118.62,118.9,117.92,118.78
2/17/2014 23:00,119.3,119.42,119.16,119.41
2/18/2014 23:00,119.8,120.97,119.7,120.96
2/19/2014 23:00,121.37,121.83,120.89,121.71
2/20/2014 23:00,121.48,121.82,121.18,121.55
2/21/2014 23:00,121.22,121.51,120.47,120.96
2/24/2014 23:00,121.56,122.23,120.92,121.59
2/25/2014 23:00,120.42,120.74,119.8,120.64
2/26/2014 23:00,121.11,121.68,120.9,121.4
2/27/2014 23:00,121.71,121.72,120.53,121.16
2/28/2014 23:00,120.96,121.74,120.58,121.36
3/3/2014 23:00,123.33,124,122.68,123.78
3/4/2014 23:00,122.74,122.75,121.63,122.12
3/5/2014 23:00,121.85,122,120,120.26
3/6/2014 23:00,119.78,120.42,118.91,120.32
3/7/2014 23:00,120.86,121.69,120.59,121.32
3/10/2014 22:00,119.84,120.33,119.63,119.85
3/11/2014 22:00,119.72,119.86,118.66,118.77
3/12/2014 22:00,117.12,117.92,116.33,116.77
3/13/2014 22:00,116.88,117.22,116.45,117.05
3/14/2014 22:00,117.67,118.06,117.05,117.69
3/17/2014 22:00,117.14,117.47,116.15,116.83
3/18/2014 22:00,117.13,118.29,116.95,118.17
3/19/2014 22:00,118.26,118.54,117.64,118.47
3/20/2014 22:00,117.79,118.76,117.4,118.18
3/21/2014 22:00,118.58,119.56,118.42,118.79
3/24/2014 22:00,119.4,119.6,118.65,118.88
3/25/2014 22:00,119.31,119.56,118.11,118.49
3/26/2014 22:00,118.96,119.7,118.79,119.55
3/27/2014 22:00,120.45,121.01,120.42,120.55
3/28/2014 22:00,121.19,121.55,120.71,120.98
3/31/2014 23:00,120.95,121.28,120.19,120.88
4/1/2014 23:00,120.5,120.73,118.86,119
4/2/2014 23:00,118.64,119.05,118.17,118.94
4/3/2014 23:00,118.66,119.65,118.52,119.6
4/4/2014 23:00,120.36,120.94,120.28,120.45
4/7/2014 23:00,119.62,120.63,119.23,119.75
4/8/2014 23:00,120.56,121.93,120.1,121.89
4/9/2014 23:00,121.86,123.08,121.68,122.89
4/10/2014 23:00,122.65,122.97,122.41,122.69
4/11/2014 23:00,122.82,123.75,122.6,122.98
4/14/2014 23:00,123.1,123.48,122.65,123.36
4/15/2014 23:00,122.37,123.36,122.33,122.99
4/16/2014 23:00,123.99,124.13,122.43,123.04
4/17/2014 23:00,123.27,124.09,123.11,123.62
4/21/2014 23:00,123.46,124.01,123.36,123.83
4/22/2014 23:00,122.74,122.88,121.69,121.85
4/23/2014 23:00,121.7,122.26,121.49,121.65
4/24/2014 23:00,121.81,122.53,121.8,122.13
4/25/2014 23:00,121.55,121.57,120.66,120.76
4/28/2014 23:00,121.35,121.54,120.51,121.03
4/29/2014 23:00,121.43,122.38,121.05,121.45
4/30/2014 23:00,120.53,120.56,119.53,119.96
5/1/2014 23:00,119.04,120.07,118.98,119.59
5/2/2014 23:00,119.93,120.32,119.45,119.99
5/5/2014 23:00,120.23,120.24,119.09,119.64
5/6/2014 23:00,119.72,120.6,119.64,119.7
5/7/2014 23:00,120.43,121.17,119.97,120.95
5/8/2014 23:00,120.4,120.62,120.05,120.42
5/9/2014 23:00,121.06,121.32,119.89,120.2
5/12/2014 23:00,120.59,121.11,120.54,120.78
5/13/2014 23:00,121.51,121.98,121.03,121.91
5/14/2014 23:00,122.25,122.83,122.11,122.52
5/15/2014 23:00,122.24,122.31,121.45,121.64
5/16/2014 23:00,122.01,122.36,121.79,122.15
5/19/2014 23:00,122.85,123.08,122.52,122.73
5/20/2014 23:00,122.7,123.03,122.28,122.9
5/21/2014 23:00,123.64,124.88,123.64,124.62
5/22/2014 23:00,124.58,124.81,124.14,124.32
5/23/2014 23:00,124.63,125.09,124.48,124.95
5/26/2014 23:00,124.71,124.86,124.69,124.77
5/27/2014 23:00,124.89,124.96,124.16,124.72
5/28/2014 23:00,124.6,124.66,123.26,123.3
5/29/2014 23:00,123.63,124.53,123.46,124.19
5/30/2014 23:00,123.49,123.64,122.99,123.34
6/2/2014 23:00,123.27,123.36,122.69,123.02
6/3/2014 23:00,123.13,123.38,122.86,123.27
6/4/2014 23:00,123.77,124.28,123.12,123.21
6/5/2014 23:00,122.82,123.28,122.19,123.1
6/6/2014 23:00,123.53,123.66,122.89,123.26
6/9/2014 23:00,124.19,125.06,124.06,125.03
6/10/2014 23:00,125.27,125.65,124.57,124.97
6/11/2014 23:00,124.99,125.4,124.76,124.98
6/12/2014 23:00,126.84,127.15,126.27,127.13
6/13/2014 23:00,127.27,127.81,126.96,127.43
6/16/2014 23:00,127.54,127.73,127.2,127.47
6/17/2014 23:00,127.02,127.77,126.7,126.87
6/18/2014 23:00,127.3,127.39,126.45,126.7
6/19/2014 23:00,126.54,127.48,126.2,127.14
6/20/2014 23:00,127.57,128.02,127.38,127.91
6/23/2014 23:00,127.59,127.93,127,127.27
6/24/2014 23:00,127.3,127.55,126.8,127.1
6/25/2014 23:00,127.25,127.65,126.56,127.59
6/26/2014 23:00,127.29,127.37,126.12,126.89
6/27/2014 23:00,127.18,127.25,126.42,126.85
6/30/2014 23:00,126.46,126.83,125.75,126.46
7/1/2014 23:00,126.95,127.18,125.69,126.45
7/2/2014 23:00,125.98,126.62,125.36,125.57
7/3/2014 23:00,125.15,125.25,124.76,125.15
7/4/2014 23:00,124.84,124.97,124.79,124.86
7/7/2014 23:00,125.09,125.1,124.28,124.58
7/8/2014 23:00,124.6,125.29,124.1,124.45
7/9/2014 23:00,123.95,124,123.09,123.33
7/10/2014 23:00,123.15,124.07,122.95,124.01
7/11/2014 23:00,123.35,123.35,121.53,121.88
7/14/2014 23:00,121.84,122.12,121.31,122.09
7/15/2014 23:00,121.16,121.18,120.1,120.95
7/16/2014 23:00,121.78,122.48,121.49,122.27
7/17/2014 23:00,124.04,124.38,122.98,124.24
7/18/2014 23:00,124.16,124.38,123.76,124.01
7/21/2014 23:00,124.05,124.98,123.95,124.96
7/22/2014 23:00,124.8,124.88,124.18,124.3
7/23/2014 23:00,124.61,125.39,124.51,125.17
7/24/2014 23:00,125.08,125.22,124.06,124.11
7/25/2014 23:00,123.59,124.58,123.05,124.15
7/28/2014 23:00,123.28,124.11,122.95,123.73
7/29/2014 23:00,122.75,123.31,122.42,122.96
7/30/2014 23:00,123.54,123.72,121.95,122.32
7/31/2014 23:00,121.78,121.9,120.16,120.27
8/1/2014 23:00,119.73,120,119.14,119.9
8/4/2014 23:00,119.59,120.49,119.57,120.32
8/5/2014 23:00,120.19,120.22,119.05,119.38
8/6/2014 23:00,119.58,120.18,118.74,119
8/7/2014 23:00,119.25,119.53,118.7,119.39
8/8/2014 23:00,119.87,119.94,119.2,119.66
8/11/2014 23:00,119.78,120.63,119.51,120.13
8/12/2014 23:00,119.3,119.79,118.86,119.4
8/13/2014 23:00,119.58,119.83,118.8,119.61
8/14/2014 23:00,119.41,119.43,117.33,117.59
8/15/2014 23:00,117.77,119.46,117.77,119.36
8/18/2014 23:00,118.66,118.68,117.55,117.9
8/19/2014 23:00,118.18,118.23,116.75,116.96
8/20/2014 23:00,117.28,117.71,117.05,117.53
8/21/2014 23:00,117.15,118.58,117.11,118.09
8/22/2014 23:00,117.64,117.97,117.05,117.74
8/25/2014 23:00,117.81,117.86,117.18,117.48
8/26/2014 23:00,117.79,118.48,117.48,117.98
8/27/2014 23:00,118.12,118.35,117.49,118.02
8/28/2014 23:00,118.23,118.84,117.99,118.64
8/29/2014 23:00,119.25,120.13,119.17,120.06
9/1/2014 23:00,119.86,120.01,119.65,119.99
9/2/2014 23:00,119.12,119.12,116.81,117.04
9/3/2014 23:00,118.06,119.96,117.91,119.63
9/4/2014 23:00,118.49,119.41,118.29,118.64
9/5/2014 23:00,118.22,118.71,116.99,117.45
9/8/2014 23:00,116.29,116.82,115.93,116.77
9/9/2014 23:00,117.68,117.81,116.65,116.86
9/10/2014 23:00,116.53,116.66,115.35,115.84
9/11/2014 23:00,114.91,117.12,114.87,117.02
9/12/2014 23:00,116.98,117.58,116.28,116.31
9/15/2014 23:00,115.43,117.1,115.42,117.02
9/16/2014 23:00,117.12,119.32,117.05,119.04
9/17/2014 23:00,118.74,119.16,117.87,118.46
9/18/2014 23:00,118.73,118.9,117.11,117.29
9/19/2014 23:00,117.21,117.54,116.45,116.97
9/22/2014 23:00,117.05,117.12,115.71,116.13
9/23/2014 23:00,116.86,117.39,116.07,116.85
9/24/2014 23:00,116.71,118.25,116.42,118.16
9/25/2014 23:00,118.63,118.76,117.35,117.79
9/26/2014 23:00,118.1,119.16,117.86,118.85
9/29/2014 23:00,118.43,119.94,118.15,119.83
9/30/2014 23:00,119.79,120.15,116.16,116.46
10/1/2014 23:00,117.15,118.26,115.77,116.05
10/2/2014 23:00,114.58,116.62,114.56,116.33
10/3/2014 23:00,115.99,116.34,114.66,115.06
10/6/2014 23:00,115.23,115.71,114.06,115.64
10/7/2014 23:00,115.3,115.57,114.09,114.16
10/8/2014 23:00,113.13,113.24,112.13,112.6
10/9/2014 23:00,112.11,112.27,110.9,111.06
10/10/2014 23:00,109.68,111.59,109.59,111.17
10/13/2014 23:00,109.77,111.17,109.5,111.03
10/14/2014 23:00,110.44,110.53,106.97,107.13
10/15/2014 23:00,105.88,107.74,105.85,107.13
10/16/2014 23:00,105.86,110.13,105.55,107.86
10/17/2014 23:00,108.86,109.43,107.82,108.17
10/20/2014 23:00,108.57,108.69,106.85,108.04
10/21/2014 23:00,108.45,109.33,107.64,108.55
10/22/2014 23:00,108.92,109.22,106.49,106.59
10/23/2014 23:00,107.12,108.44,107.07,108.12
10/24/2014 23:00,107.16,107.47,106.43,107.1
10/27/2014 22:00,106.13,107.17,105.51,107
10/28/2014 22:00,107.38,107.55,106.59,107.42
10/29/2014 22:00,108.64,108.95,107.76,108.31
10/30/2014 22:00,107.79,107.82,106.87,107.13
10/31/2014 22:00,105.8,106.75,105.62,106.6
11/3/2014 23:00,106.89,107.01,104.68,104.84
11/4/2014 23:00,103.19,103.73,102.2,103.21
11/5/2014 23:00,103.79,105.42,103.29,104.78
11/6/2014 23:00,103.89,104.32,103.19,103.93
11/7/2014 23:00,104.65,105.48,104.29,104.78
11/10/2014 23:00,105.25,105.58,103.38,103.5
11/11/2014 23:00,103.52,104.11,102.53,103.94
11/12/2014 23:00,103.51,104.15,102.93,103.23
11/13/2014 23:00,102.23,102.47,100.14,100.22
11/14/2014 23:00,100.77,101.99,100.58,101.97
11/17/2014 23:00,101.12,101.85,100.85,101.71
11/18/2014 23:00,101.33,101.41,100.31,100.64
11/19/2014 23:00,101,101.47,100.08,100.5
11/20/2014 23:00,100.83,101.95,100.72,101.87
11/21/2014 23:00,103.08,103.2,101.67,102.59
11/24/2014 23:00,102.24,103.07,101.75,101.8
11/25/2014 23:00,101.95,102.63,100.09,100.14
11/26/2014 23:00,99.53,100.3,99.43,99.8
11/27/2014 23:00,98.67,98.8,93.8,95.1
11/28/2014 23:00,95.2,95.64,91.74,92.04
12/1/2014 23:00,92.35,95.21,92.3,95.07
12/2/2014 23:00,94.16,94.77,92.72,93.02
12/3/2014 23:00,93.54,94.28,92.85,93.35
12/4/2014 23:00,92.5,93.24,92.14,92.8
12/5/2014 23:00,92.36,92.59,91.22,91.93
12/8/2014 23:00,90.6,90.81,88.83,89.15
12/9/2014 23:00,89.63,90.13,88.59,89.8
12/10/2014 23:00,88.47,88.49,86.48,87.02
12/11/2014 23:00,86.28,87.57,85.9,86.07
12/12/2014 23:00,84.55,84.93,83.39,83.85
12/15/2014 23:00,84.01,84.1,81.83,82.01
12/16/2014 23:00,80.13,83.2,79.95,81.92
12/17/2014 23:00,80.67,84.97,80.53,82.45
12/18/2014 23:00,83.71,83.71,79.98,80.14
12/19/2014 23:00,81.4,82.91,81.01,82.8
12/22/2014 23:00,81.93,82.25,80.83,81.08
12/23/2014 23:00,81.7,82.9,80.76,82.79
12/24/2014 23:00,81.65,81.86,80.77,81.55
12/26/2014 23:00,82.22,82.23,80.21,80.44
12/29/2014 23:00,81.29,81.3,78.6,79.38
12/30/2014 23:00,78.92,80.02,78.85,79.8
12/31/2014 23:00,78.25,79.41,78.14,79.19
1/2/2015 23:00,78.07,79.5,77.86,78.27
1/5/2015 23:00,76.38,76.88,75.62,75.73
1/6/2015 23:00,74.42,75.16,73.25,73.72
1/7/2015 23:00,74.02,75.01,73.42,74.4
1/8/2015 23:00,74.7,74.89,73.43,74.51
1/9/2015 23:00,74.25,74.55,72.86,74.1
1/12/2015 23:00,72.29,72.54,71.6,71.77
1/13/2015 23:00,70.52,71.88,70.48,71.62
1/14/2015 23:00,71.2,74.42,71.2,74.25
1/15/2015 23:00,76,76.01,71.85,72.06
1/16/2015 23:00,72.54,74.62,72.36,74.22
1/19/2015 19:00,73.62,73.77,73.08,73.17
1/20/2015 23:00,72.58,72.98,71.62,71.79
1/21/2015 23:00,72.55,73.48,72.33,73.06
1/22/2015 23:00,72.85,73.21,71.15,71.66
1/23/2015 23:00,71.15,72,70.63,70.84
1/26/2015 23:00,71.14,71.69,70.36,70.46
1/27/2015 23:00,70.69,71.83,70.3,71.49
1/28/2015 23:00,70.48,70.98,69.36,69.81
1/29/2015 23:00,69.99,70.24,68.86,69.87
1/30/2015 23:00,69.83,73.63,69.59,73.45
2/2/2015 23:00,74.15,75.12,73.2,74.84
2/3/2015 23:00,76.39,79.52,75.62,78.31
2/4/2015 23:00,76.57,76.66,73.23,73.72
2/5/2015 23:00,74.67,77.38,74.31,75.75
2/6/2015 23:00,77.56,78.44,76.22,76.95
2/9/2015 23:00,77.63,79.27,77.62,78.27
2/10/2015 23:00,77.57,77.82,75.14,75.34
2/11/2015 23:00,74.74,75.28,73.33,74.15
2/12/2015 23:00,75.03,76.73,74.96,76.47
2/13/2015 23:00,78.06,78.71,77.28,77.95
2/16/2015 19:00,78.24,78.45,77.93,78.06
2/17/2015 23:00,77.68,79.43,76.09,78.82
2/18/2015 23:00,77.64,78.4,77,77.24
2/19/2015 23:00,74.66,77.19,74.29,76.29
2/20/2015 23:00,76.59,76.63,75.19,75.31
2/23/2015 23:00,73.27,75.03,73.19,74.03
2/24/2015 23:00,74.53,74.8,73.69,73.73
2/25/2015 23:00,74.16,75.57,72.9,75.48
2/26/2015 23:00,73.99,74.62,72.27,72.76
2/27/2015 23:00,73.43,74.41,72.93,74.07
3/2/2015 23:00,73.67,75.51,73.39,74.07
3/3/2015 23:00,74.31,75.25,73.92,74.91
3/4/2015 23:00,75.22,76.42,74.07,75.97
3/5/2015 23:00,75.71,76.45,75.08,75.24
3/6/2015 23:00,74.91,74.97,73.35,74.09
3/9/2015 22:00,73.96,75.26,73.8,74.42
3/10/2015 22:00,74.05,74.2,72.67,72.88
3/11/2015 22:00,73.23,73.39,71.8,72.54
3/12/2015 22:00,72.83,73.07,71.33,71.59
3/13/2015 22:00,70.6,70.76,69.22,69.37
3/16/2015 22:00,68.56,68.95,67.32,68.41
3/17/2015 22:00,67.58,68.67,67.36,67.86
3/18/2015 22:00,66.74,69.3,66.55,69.19
3/19/2015 22:00,67.69,68.6,67.29,68.02
3/20/2015 22:00,68.24,69.95,68.21,69.11
3/23/2015 22:00,68.48,70.13,68.31,69.96
3/24/2015 22:00,70.7,70.79,69.66,70.05
3/25/2015 22:00,70.32,71.98,69.9,71.71
3/26/2015 22:00,72.96,74.17,72.33,73.95
3/27/2015 22:00,73.32,73.52,71.3,71.39
3/30/2015 23:00,70.75,71.68,70.13,71.17
3/31/2015 23:00,70.52,71.19,69.99,70.24
4/1/2015 23:00,70.17,72.97,70.09,72.53
4/2/2015 23:00,71.47,72.42,70.63,71.62
4/6/2015 23:00,72.9,74.74,72.41,74.63
4/7/2015 23:00,73.73,76.59,73.69,76.48
4/8/2015 23:00,75.34,75.38,72.89,72.96
4/9/2015 23:00,73.57,74.59,73.12,73.33
4/10/2015 23:00,72.99,74.45,72.99,74.16
4/13/2015 23:00,75.37,75.57,74.04,74.44
4/14/2015 23:00,74.86,76.24,74.85,75.83
4/15/2015 23:00,76.66,79.21,76.12,78.77
4/16/2015 23:00,77.82,79.94,77.72,79.23
4/17/2015 23:00,78.88,79.48,77.99,78.46
4/20/2015 23:00,77.95,79.77,77.93,78.99
4/21/2015 23:00,78.92,79.19,77.25,77.76
4/22/2015 23:00,77.79,78.33,77.16,77.34
4/23/2015 23:00,77.82,79.55,77.72,78.8
4/24/2015 23:00,78.82,78.86,77.64,78.32
4/27/2015 23:00,78.23,79.03,77.66,78.13
4/28/2015 23:00,78.18,78.97,77.91,78.19
4/29/2015 23:00,78.15,80.47,77.93,79.66
4/30/2015 23:00,80.3,80.92,79.56,80.68
5/1/2015 23:00,80.22,80.48,79.46,80.25
5/4/2015 23:00,80.82,80.87,79.59,80.06
5/5/2015 23:00,81.52,82.24,81.35,81.52
5/6/2015 23:00,83.08,83.72,81.68,82.08
5/7/2015 23:00,81.84,82,79.63,80.12
5/8/2015 23:00,80.81,81.04,79.28,80.56
5/11/2015 23:00,80.5,80.99,79.89,80.38
5/12/2015 23:00,81.24,82.29,80.62,81.87
5/13/2015 23:00,82.75,82.99,81.58,81.61
5/14/2015 23:00,81.45,81.98,80.5,81.02
5/15/2015 23:00,80.24,80.85,79.47,80.68
5/18/2015 23:00,81.14,81.14,80,80.43
5/19/2015 23:00,79.15,79.41,78.08,78.14
5/20/2015 23:00,78.79,79.19,78.31,79.12
5/21/2015 23:00,79.85,81.09,79.83,80.85
5/22/2015 23:00,79.96,80.29,79.5,79.81
5/25/2015 19:00,79.59,80.4,79.38,79.97
5/26/2015 23:00,78.8,79.03,77.86,78.19
5/27/2015 23:00,77.81,78.52,77.55,77.73
5/28/2015 23:00,77.33,77.92,76.66,77.84
5/29/2015 23:00,77.98,80.85,77.87,80.41
6/1/2015 23:00,79.78,80.79,79.48,80.39
6/2/2015 23:00,80.79,81.73,80.55,81.43
6/3/2015 23:00,80.36,81.58,79.49,79.84
6/4/2015 23:00,79.4,79.45,77.98,78.15
6/5/2015 23:00,78.17,79.35,76.98,79.28
6/8/2015 23:00,78.78,79.05,78.01,78.31
6/9/2015 23:00,79.66,80.53,79.56,80.27
6/10/2015 23:00,81.51,81.97,80.63,81.52
6/11/2015 23:00,81.14,81.39,80.36,80.89
6/12/2015 23:00,80.12,80.59,79.88,80.08
6/15/2015 23:00,79.09,79.95,78.88,79.7
6/16/2015 23:00,79.8,80.34,79.57,80.15
6/17/2015 23:00,81.09,81.32,79,79.92
6/18/2015 23:00,80.43,80.76,79.89,80.52
6/19/2015 23:00,79.58,79.84,78.98,79.73
6/22/2015 23:00,79.78,80.16,79.01,80.11
6/23/2015 23:00,79.64,81.16,79.29,80.76
6/24/2015 23:00,80.76,81.24,79.54,79.96
6/25/2015 23:00,79.81,79.86,79.17,79.47
6/26/2015 23:00,78.73,79.7,78.5,79.41
6/29/2015 23:00,78.37,78.62,77.98,78.06
6/30/2015 23:00,78.48,79.43,78.26,79.18
7/1/2015 23:00,78.47,78.48,76.56,76.68
7/2/2015 23:00,77.11,77.69,76.61,76.67
7/3/2015 19:00,76.45,76.53,75.15,75.26
7/6/2015 23:00,74.26,74.47,72.16,72.22
7/7/2015 23:00,72.33,72.45,70.32,72.09
7/8/2015 23:00,72.03,72.57,70.65,71.36
7/9/2015 23:00,72.96,73.18,72.03,72.52
7/10/2015 23:00,72.52,72.87,71.7,72.51
7/13/2015 23:00,71.9,72.91,71.45,71.92
7/14/2015 23:00,71.64,73.07,71.36,72.8
7/15/2015 23:00,72.4,72.61,71.1,71.14
7/16/2015 23:00,71.36,71.79,70.6,70.65
7/17/2015 23:00,70.2,70.92,69.93,70.63
7/20/2015 23:00,70.37,70.51,69.64,69.83
7/21/2015 23:00,70.03,70.84,69.9,70.3
7/22/2015 23:00,69.61,70.01,68.49,68.69
7/23/2015 23:00,68.79,69.06,67.64,67.87
7/24/2015 23:00,68.25,68.38,67.15,67.56
7/27/2015 23:00,66.86,67.29,66.72,66.85
7/28/2015 23:00,66.89,67.87,66.49,67.39
7/29/2015 23:00,67.01,68.95,66.93,68.2
7/30/2015 23:00,68.61,68.71,67.77,67.95
7/31/2015 23:00,67.24,68.05,66.35,66.54
8/3/2015 23:00,65.68,65.99,64.51,64.68
8/4/2015 23:00,65.38,65.66,64.86,65.19
8/5/2015 23:00,65.72,66.13,64.26,64.54
8/6/2015 23:00,64.12,64.27,63.63,64.09
8/7/2015 23:00,63.76,63.91,63.23,63.31
8/10/2015 23:00,63.35,64.43,62.97,64.38
8/11/2015 23:00,63.17,63.23,62.12,62.55
8/12/2015 23:00,63,63.27,62.33,62.66
8/13/2015 23:00,62.26,62.41,61.34,61.68
8/14/2015 23:00,61.85,62.39,61.68,61.89
8/17/2015 23:00,61.24,62.12,61.1,61.24
8/18/2015 23:00,61.29,62.3,61.15,62
8/19/2015 23:00,61.79,61.79,59.87,60.17
8/20/2015 23:00,60.06,60.73,59.84,60.18
8/21/2015 23:00,59.67,60.32,58.78,59.36
8/24/2015 23:00,57.76,58.42,56.67,57.17
8/25/2015 23:00,58.56,58.81,57.78,58.23
8/26/2015 23:00,58.54,58.59,57.44,57.6
8/27/2015 23:00,59.08,61.67,58.73,61.39
8/28/2015 23:00,60.95,64.82,60.74,64.12
8/31/2015 23:00,62.95,68.22,62.52,68.11
9/1/2015 23:00,65.9,66.61,64.14,64.33
9/2/2015 23:00,64.02,65.28,62.13,65.22
9/3/2015 23:00,64.97,67.34,64.84,65.66
9/4/2015 23:00,65.07,65.77,64.68,64.89
9/7/2015 19:00,64.4,64.4,63.15,63.17
9/8/2015 23:00,64.49,65.33,63.44,64.76
9/9/2015 23:00,64.53,64.88,63.01,63.08
9/10/2015 23:00,63.22,64.96,63.11,64.77
9/11/2015 23:00,63.6,64.39,63.08,63.68
9/14/2015 23:00,63.27,63.33,62.51,62.99
9/15/2015 23:00,63.33,63.95,62.84,63.51
9/16/2015 23:00,64.57,66.27,64.34,66.06
9/17/2015 23:00,65.71,66.63,65.41,65.84
9/18/2015 23:00,64.73,64.98,63.24,63.68
9/21/2015 23:00,64.85,65.67,64.49,65.59
9/22/2015 23:00,64.23,65.15,64.04,64.96
9/23/2015 23:00,64.97,65.8,63.06,63.18
9/24/2015 23:00,62.71,63.82,62.59,63.59
9/25/2015 23:00,64.01,65.03,63.81,64.38
9/28/2015 23:00,63.49,63.98,62.95,63.12
9/29/2015 23:00,63.94,64.35,63.36,63.89
9/30/2015 23:00,63.6,64.5,63.38,63.8
10/1/2015 23:00,64.73,65.75,63.28,63.4
10/2/2015 23:00,63.57,64.46,62.62,64.2
10/5/2015 23:00,64.55,65.59,64.55,64.93
10/6/2015 23:00,65.33,67.28,65.11,67.18
10/7/2015 23:00,67.79,68.33,66.4,66.5
10/8/2015 23:00,66.94,68.72,66.61,68.1
10/9/2015 23:00,68.8,68.93,67.82,68.32
10/12/2015 23:00,68.16,68.78,65.69,65.75
10/13/2015 23:00,66.11,67.08,65.09,65.31
10/14/2015 23:00,65.34,65.61,64.59,65.29
10/15/2015 23:00,64.93,65.67,63.88,65.03
10/16/2015 23:00,65.49,66.07,64.74,65.82
10/19/2015 23:00,64.83,65.13,64.32,64.37
10/20/2015 23:00,64.66,65.03,63.82,64.41
10/21/2015 23:00,63.54,63.99,62.96,63.32
10/22/2015 23:00,63.9,64.2,63,63.49
10/23/2015 23:00,63.15,63.17,62.3,62.69
10/26/2015 22:00,62.44,62.6,61.94,62.13
10/27/2015 22:00,61.18,61.45,60.68,61.32
10/28/2015 22:00,61.66,64.11,61.64,64.04
10/29/2015 22:00,64.29,64.89,63.73,64.13
10/30/2015 22:00,64.3,65.13,63.71,64.7
11/2/2015 23:00,64.11,64.83,63.94,64.22
11/3/2015 23:00,65.06,66.46,64.88,66.04
11/4/2015 23:00,65.79,65.95,64.27,64.42
11/5/2015 23:00,64.4,64.55,63.22,63.36
11/6/2015 23:00,62.83,63.08,62.21,62.42
11/9/2015 23:00,62.17,62.61,61.74,61.97
11/10/2015 23:00,61.87,62.86,61.67,62.34
11/11/2015 23:00,61.73,62.21,60.72,61.06
11/12/2015 23:00,60.35,60.96,59.73,59.88
11/13/2015 23:00,59.36,59.69,58.32,58.78
11/16/2015 23:00,58.86,60.35,58.16,59.79
11/17/2015 23:00,59.78,59.86,58.68,58.84
11/18/2015 23:00,59.42,59.55,58.33,59
11/19/2015 23:00,58.57,59.01,58.39,58.83
11/20/2015 23:00,58.66,59.81,58.46,58.95
11/23/2015 23:00,58.19,59.67,58.14,58.83
11/24/2015 23:00,59.44,60.51,59.42,59.96
11/25/2015 23:00,59.1,60.28,58.77,60.05
11/26/2015 19:00,59.78,59.89,59.34,59.56
11/27/2015 19:45,59.14,59.3,58.72,58.82
11/30/2015 23:00,59.43,59.66,58.57,58.69
12/1/2015 23:00,58.29,59.28,58.24,58.83
12/2/2015 23:00,58.08,59.02,56.89,56.99
12/3/2015 23:00,57.7,58.83,57.15,58.15
12/4/2015 23:00,57.43,57.74,56.65,57.05
12/7/2015 23:00,55.67,55.94,54.55,54.68
12/8/2015 23:00,53.76,55.63,53.69,54.57
12/9/2015 23:00,54.65,56.04,53.92,54.23
12/10/2015 23:00,53.79,54.33,53.57,53.85
12/11/2015 23:00,53.29,53.62,52.4,52.66
12/14/2015 23:00,52.34,53.75,52.13,53.4
12/15/2015 23:00,53.51,54.93,53.47,54.37
12/16/2015 23:00,53.97,54.03,52.34,52.6
12/17/2015 23:00,52.64,52.84,51.77,52.08
12/18/2015 23:00,51.68,52.73,51.47,51.82
12/21/2015 23:00,51.49,51.89,51.14,51.58
12/22/2015 23:00,51.76,52.33,51.45,51.93
12/23/2015 23:00,52.49,53.58,52.48,53.29
12/24/2015 19:15,53.59,54.07,53.51,53.91
12/28/2015 23:00,52.9,53.08,52.45,52.64
12/29/2015 23:00,53.33,53.73,53.27,53.68
12/30/2015 23:00,52.83,52.96,52.19,52.39
12/31/2015 23:00,52.04,53.58,52.02,52.92
1/4/2016 23:00,53.36,54.18,52.12,52.6
1/5/2016 23:00,52.58,52.62,51.64,51.76
1/6/2016 23:00,50.61,50.94,49.56,49.75
1/7/2016 23:00,48.75,50.05,48.61,49.08
1/8/2016 23:00,49.16,49.53,48.43,48.95
1/11/2016 23:00,48.44,48.62,46.67,47.19
1/12/2016 23:00,47.81,48,45.72,46.22
1/13/2016 23:00,47.08,47.5,45.89,46.23
1/14/2016 23:00,46.54,47.56,46.46,47.02
1/15/2016 23:00,45.47,45.75,44.92,45.23
1/18/2016 19:00,45.08,45.27,44.68,44.79
1/19/2016 23:00,45.39,45.45,44.22,44.43
1/20/2016 23:00,43.88,44,42.37,43.15
1/21/2016 23:00,42.94,45.06,42.74,44.35
1/22/2016 23:00,45.66,47.16,45.64,46.9
1/25/2016 23:00,45.64,46.54,45.05,45.19
1/26/2016 23:00,45.54,47.22,45.25,46.21
1/27/2016 23:00,45.55,47.65,45.41,47.12
1/28/2016 23:00,48.2,49.63,47.57,48.03
1/29/2016 23:00,48.61,49.21,47.46,48.48
2/1/2016 23:00,47.05,47.47,46.1,46.43
2/2/2016 23:00,45.02,45.49,44.62,44.71
2/3/2016 23:00,45.52,47.12,44.55,47.1
2/4/2016 23:00,47.06,48.41,46.34,46.45
2/5/2016 23:00,46.23,46.94,45.62,45.64
2/8/2016 23:00,45.04,45.52,44.46,44.52
2/9/2016 23:00,44.42,45,42.55,42.78
2/10/2016 23:00,42.81,44.03,42.08,42.35
2/11/2016 23:00,41.51,42.11,40.95,40.95
2/12/2016 23:00,42.45,44.47,42.23,44.14
2/15/2016 19:00,44.5,44.7,44.41,44.57
2/16/2016 23:00,44.33,44.55,43.51,43.86
2/17/2016 23:00,44.61,45.94,44.2,45.47
2/18/2016 23:00,46.66,46.8,45.31,45.45
2/19/2016 23:00,44.56,44.84,43.93,44.33
2/22/2016 23:00,46.12,46.43,45.77,46.02
2/23/2016 23:00,45.92,45.94,44.22,44.39
2/24/2016 23:00,43.5,44.95,43.15,44.8
2/25/2016 23:00,44.38,46.08,43.66,45.69
2/26/2016 23:00,46.79,47.28,45.25,45.34
2/29/2016 23:00,45.9,46.57,45.53,46.41
3/1/2016 23:00,46.81,47.35,45.96,46.98
3/2/2016 23:00,46.59,47.76,46.15,47.16
3/3/2016 23:00,46.94,47.91,46.78,47.16
3/4/2016 23:00,47.34,48.58,47.05,48.51
3/7/2016 23:00,48.7,50.7,48.7,50.49
3/8/2016 23:00,50.69,50.76,49.05,49.07
3/9/2016 23:00,49.71,51.1,49.6,50.82
3/10/2016 23:00,50.69,50.97,49.8,50.37
3/11/2016 23:00,51.07,51.61,50.73,51.09
3/14/2016 22:00,49.99,50.13,49.27,49.78
3/15/2016 22:00,48.78,49.36,48.55,48.91
3/16/2016 22:00,49.52,51.16,49.48,51.11
3/17/2016 22:00,51.55,52.8,51.47,52.75
3/18/2016 22:00,53.43,53.58,52.16,52.25
3/21/2016 22:00,52.38,52.89,51.88,52.66
3/22/2016 22:00,52.33,52.99,51.86,52.54
3/23/2016 22:00,51.96,51.99,50.84,50.87
3/24/2016 22:00,49.8,50.71,49.42,50.58
3/28/2016 23:00,50.79,50.97,49.95,50.47
3/29/2016 23:00,49.44,49.71,49,49.41
3/30/2016 23:00,50.25,50.94,49.23,49.45
3/31/2016 23:00,49.31,50.13,48.91,49.39
4/1/2016 23:00,48.14,48.29,47.81,47.85
4/4/2016 23:00,47.75,48.3,46.68,46.81
4/5/2016 23:00,46.52,47.09,46.44,47.03
4/6/2016 23:00,47.77,48.99,47.72,48.83
4/7/2016 23:00,48.61,48.72,47.78,48.39
4/8/2016 23:00,50.31,50.93,50.24,50.84
4/11/2016 23:00,51.24,51.84,51.01,51.56
4/12/2016 23:00,51.7,53.34,51.41,53.21
4/13/2016 23:00,52.68,53.51,52.35,52.79
4/14/2016 23:00,53,53.18,52.53,52.54
4/15/2016 23:00,51.5,51.79,51.07,51.49
4/18/2016 23:00,49.81,51.4,49.55,50.91
4/19/2016 23:00,51.23,52.62,50.96,52.08
4/20/2016 23:00,51.37,54,51.13,53.89
4/21/2016 23:00,53.85,53.95,52.79,52.92
4/22/2016 23:00,53.5,54.19,53.21,53.51
4/25/2016 23:00,53.49,53.78,52.32,52.46
4/26/2016 23:00,53,53.94,52.93,53.68
4/27/2016 23:00,54.58,55.36,53.51,54.96
4/28/2016 23:00,55.38,55.88,54.88,55.78
4/29/2016 23:00,56.03,56.52,54.98,55.7
5/2/2016 23:00,55.64,55.89,54.28,54.49
5/3/2016 23:00,54.34,54.39,53.06,53.38
5/4/2016 23:00,54.09,54.62,52.96,53.52
5/5/2016 23:00,55.72,55.81,53.7,54.08
5/6/2016 23:00,53.63,55.08,53.54,54.33
5/9/2016 23:00,54.17,54.19,53.01,53.19
5/10/2016 23:00,53.54,54.5,53.21,54.44
5/11/2016 23:00,54.5,56.1,53.77,55.94
5/12/2016 23:00,56.34,56.76,55.35,56.4
5/13/2016 23:00,55.77,56.17,55.49,55.96
5/16/2016 23:00,57.01,57.59,57,57.46
5/17/2016 23:00,57.53,58.13,57.4,58.04
5/18/2016 23:00,57.94,58.65,57.69,57.83
5/19/2016 23:00,56.9,57.82,56.35,57.75
5/20/2016 23:00,57.71,58.07,57.04,57.51
5/23/2016 23:00,56.63,57.36,56.49,57.21
5/24/2016 23:00,57.59,58.02,57.21,57.74
5/25/2016 23:00,58.33,58.71,57.74,58.65
5/26/2016 23:00,59.06,59.21,58.31,58.53
5/27/2016 23:00,57.9,58.54,57.78,58.45
5/30/2016 19:00,58.39,58.71,58.29,58.69
5/31/2016 23:00,58.56,59.19,58.13,58.19
6/1/2016 23:00,57.46,58.25,56.84,58.15
6/2/2016 23:00,57.54,58.48,57.06,58.23
6/3/2016 23:00,58.15,58.35,57.42,57.78
6/6/2016 23:00,58.72,58.99,58.2,58.82
6/7/2016 23:00,59.38,59.48,58.93,59.47
6/8/2016 23:00,60.13,60.43,59.77,60.32
6/9/2016 23:00,59.62,59.96,59.32,59.62
6/10/2016 23:00,58.86,59.05,57.94,58.15
6/13/2016 23:00,57.36,58.37,57.25,57.97
6/14/2016 23:00,57.39,57.78,57.25,57.58
6/15/2016 23:00,56.87,57.81,56.68,57.02
6/16/2016 23:00,56.29,56.42,55.23,55.28
6/17/2016 23:00,56.27,57.19,56.18,57.15
6/20/2016 23:00,57.99,58.55,57.7,58.52
6/21/2016 23:00,57.55,58.49,57.4,58.35
6/22/2016 23:00,58.63,58.9,56.95,57.67
6/23/2016 23:00,58.48,58.72,57.81,58.67
6/24/2016 23:00,56.22,56.97,55.91,56.15
6/27/2016 23:00,55.12,55.45,54.38,55.03
6/28/2016 23:00,56.27,56.49,55.39,56.47
6/29/2016 23:00,56.86,58.55,56.56,58.39
6/30/2016 23:00,57.31,57.85,56.72,56.81
7/1/2016 23:00,56.57,57.63,56.48,57.56
7/4/2016 19:00,57.69,57.72,57.21,57.31
7/5/2016 23:00,56.08,56.21,54.88,55.28
7/6/2016 23:00,54.69,56.23,54.58,55.92
7/7/2016 23:00,56.54,56.8,53.42,53.74
7/8/2016 23:00,54.33,54.52,53.32,53.9
7/11/2016 23:00,53.62,54.32,52.97,53.31
7/12/2016 23:00,53.13,55.48,53.06,55.35
7/13/2016 23:00,55.13,55.26,53.11,53.3
7/14/2016 23:00,53.69,54.35,53.5,54.23
7/15/2016 23:00,54.07,54.88,53.6,54.5
7/18/2016 23:00,54.68,54.69,53.39,53.79
7/19/2016 23:00,53.78,54.23,53.13,53.3
7/20/2016 23:00,53.27,53.98,52.4,53.6
7/21/2016 23:00,53.5,53.94,52.37,52.6
7/22/2016 23:00,52.45,52.82,51.59,52.04
7/25/2016 23:00,52.05,52.22,50.82,50.98
7/26/2016 23:00,50.92,51.24,50.21,50.77
7/27/2016 23:00,50.51,51.05,49.53,49.77
7/28/2016 23:00,49.78,50.07,48.89,48.99
7/29/2016 23:00,48.97,49.52,48.42,49.45
8/1/2016 23:00,49.2,49.73,47.67,47.91
8/2/2016 23:00,47.93,48.76,47.11,47.36
8/3/2016 23:00,47.55,49.05,47.04,48.68
8/4/2016 23:00,49.01,49.93,48.28,49.78
8/5/2016 23:00,49.69,49.95,48.91,49.65
8/8/2016 23:00,49.84,51.24,49.66,50.87
8/9/2016 23:00,50.68,51.37,50.32,50.62
8/10/2016 23:00,50.59,51.24,49.27,49.56
8/11/2016 23:00,49.33,51.71,48.95,51.34
8/12/2016 23:00,51.31,52.63,51.16,52.34
8/15/2016 23:00,52.59,53.78,52.23,53.59
8/16/2016 23:00,53.44,54.58,53.19,54.43
8/17/2016 23:00,54.22,54.8,53.69,54.64
8/18/2016 23:00,54.74,56.21,54.44,56.05
8/19/2016 23:00,56.11,56.52,55.71,56.27
8/22/2016 23:00,56.18,56.24,54.49,54.57
8/23/2016 23:00,54.55,55.48,53.75,55.26
8/24/2016 23:00,54.75,54.9,53.61,53.93
8/25/2016 23:00,53.96,54.62,53.58,54.49
8/26/2016 23:00,54.53,55.62,54.1,54.8
8/29/2016 23:00,54.38,54.44,53.78,54.14
8/30/2016 23:00,54.14,54.65,53.37,53.51
8/31/2016 23:00,53.4,53.57,51.67,51.86
9/1/2016 23:00,52.01,52.24,50.16,50.32
9/2/2016 23:00,50.71,51.83,50.32,51.6
9/5/2016 19:00,51.31,53.69,51.22,52.33
9/6/2016 23:00,52.2,52.78,51,51.99
9/7/2016 23:00,52.01,53.33,51.71,52.66
9/8/2016 23:00,53.28,54.91,52.93,54.78
9/9/2016 23:00,54.52,54.52,52.72,53.04
9/12/2016 23:00,52.73,53.67,51.88,53.45
9/13/2016 23:00,53.22,53.29,51.93,52.06
9/14/2016 23:00,52.16,52.49,50.58,50.74
9/15/2016 23:00,50.86,51.5,50.42,51.07
9/16/2016 23:00,50.87,50.9,49.9,50.17
9/19/2016 23:00,50.25,51.25,50.21,50.41
9/20/2016 23:00,50.29,51.14,49.61,50.6
9/21/2016 23:00,51.05,52.2,51.05,51.89
9/22/2016 23:00,52.17,53.07,52.07,52.87
9/23/2016 23:00,52.62,53.1,50.77,51.03
9/26/2016 23:00,51.17,52.75,50.98,52.48
9/27/2016 23:00,52.17,52.51,50.74,51.22
9/28/2016 23:00,51.51,54,50.9,53.6
9/29/2016 23:00,53.75,54.87,53.15,54.38
9/30/2016 23:00,54.31,54.85,53.59,54.79
10/3/2016 23:00,54.59,55.57,54.33,55.36
10/4/2016 23:00,55.2,55.81,54.81,55.24
10/5/2016 23:00,55.81,56.52,55.65,56.38
10/6/2016 23:00,56.2,57.18,55.88,56.99
10/7/2016 23:00,57.14,57.29,55.95,56.36
10/10/2016 23:00,56.12,58.15,55.7,57.9
10/11/2016 23:00,57.65,58.09,56.94,57.34
10/12/2016 23:00,57.39,57.72,56.44,56.73
10/13/2016 23:00,56.55,57.14,55.91,56.99
10/14/2016 23:00,57.13,57.69,56.45,56.9
10/17/2016 23:00,56.78,57.13,56.02,56.49
10/18/2016 23:00,56.6,57.25,56.28,56.77
10/19/2016 23:00,57.24,58.37,57.16,57.97
10/20/2016 23:00,57.73,57.98,56.59,56.78
10/21/2016 23:00,56.81,57.17,56.36,57
10/24/2016 23:00,57,57.13,55.77,56.67
10/25/2016 23:00,56.64,57.08,55.42,56.11
10/26/2016 23:00,55.46,56.25,55.02,55.33
10/27/2016 23:00,55.37,56.21,55.15,55.87
10/28/2016 23:00,55.76,55.96,54.57,54.85
10/31/2016 22:00,54.4,54.89,52.78,53.01
11/1/2016 22:00,52.92,53.5,52.35,52.82
11/2/2016 22:00,52.47,52.62,51.11,51.49
11/3/2016 22:00,51.63,52.05,50.52,50.81
11/4/2016 22:00,50.78,51.02,49.72,50.22
11/7/2016 23:00,50.6,51.16,50.26,51.04
11/8/2016 23:00,51.12,51.54,50.56,51.13
11/9/2016 23:00,50.97,52.1,49.22,51.42
11/10/2016 23:00,51.46,51.79,50.4,50.81
11/11/2016 23:00,50.5,50.78,49.18,49.56
11/14/2016 23:00,49.35,49.96,48.35,49.47
11/15/2016 23:00,49.91,52.24,49.7,51.96
11/16/2016 23:00,51.96,52.52,51.18,51.63
11/17/2016 23:00,51.4,52.65,51,51.51
11/18/2016 23:00,51.04,51.98,50.71,51.89
11/21/2016 23:00,52.13,54.04,51.99,53.77
11/22/2016 23:00,53.9,54.73,52.7,53.56
11/23/2016 23:00,53.47,53.96,52.93,53.49
11/24/2016 19:00,53.5,53.79,53.33,53.51
11/25/2016 19:45,53.51,53.57,51.59,51.59
11/28/2016 23:00,50.96,53.18,50.67,52.61
11/29/2016 23:00,52.41,52.51,50.35,50.76
11/30/2016 23:00,50.77,55.43,50.75,54.97
12/1/2016 23:00,54.6,57.33,54.51,56.59
12/2/2016 23:00,56.54,57.26,55.71,57.21
12/5/2016 23:00,56.99,57.95,56.46,57.32
12/6/2016 23:00,56.5,57.13,55.81,56.46
12/7/2016 23:00,56.46,56.73,55.25,55.3
12/8/2016 23:00,55.41,56.51,55.14,56.37
12/9/2016 23:00,56.45,57.19,56.39,57.03
12/12/2016 23:00,58.11,60.04,57.71,58.36
12/13/2016 23:00,58.04,58.94,57.88,58.51
12/14/2016 23:00,57.98,58.36,56.3,56.65
12/15/2016 23:00,56.4,57.11,55.66,56.53
12/16/2016 23:00,56.75,57.71,56.13,57.51
12/19/2016 23:00,57.81,58.15,57.13,57.62
12/20/2016 23:00,57.7,58.33,57.4,57.86
12/21/2016 23:00,58.12,58.35,56.88,57.05
12/22/2016 23:00,57.08,57.75,56.64,57.51
12/23/2016 23:00,57.24,57.84,56.82,57.58
12/27/2016 23:00,57.85,58.66,57.59,58.46
12/28/2016 23:00,58.49,58.93,58.12,58.62
12/29/2016 23:00,58.22,58.77,58.02,58.33
12/30/2016 23:00,58.43,58.65,57.97,58.28
1/3/2017 23:00,58.76,59.8,56.67,56.89
1/4/2017 23:00,57.05,57.99,56.71,57.82
1/5/2017 23:00,57.95,58.68,57.35,58.32
1/6/2017 23:00,58.29,58.88,57.88,58.55
1/9/2017 23:00,58.31,58.39,56.32,56.52
1/10/2017 23:00,56.39,56.93,55.27,55.38
1/11/2017 23:00,55.37,57.34,55.31,56.81
1/12/2017 23:00,56.93,58.06,56.68,57.57
1/13/2017 23:00,57.61,57.73,56.83,56.93
1/16/2017 19:00,57.11,57.28,56.68,56.79
1/17/2017 23:00,57.1,58.08,56.8,57.04
1/18/2017 23:00,57.09,57.37,55.48,55.94
1/19/2017 23:00,55.95,56.43,55.57,55.94
1/20/2017 23:00,55.96,57.43,55.89,56.98
1/23/2017 23:00,57.09,57.23,55.97,56.51
1/24/2017 23:00,56.62,57.32,56.43,56.94
1/25/2017 23:00,56.71,57.23,56.32,56.51
1/26/2017 23:00,56.72,57.82,56.55,57.54
1/27/2017 23:00,57.5,57.84,56.34,56.93
1/30/2017 23:00,56.91,57.22,56.17,56.39
1/31/2017 23:00,56.36,57.32,56,56.57
2/1/2017 23:00,56.52,57.67,56.4,57.64
2/2/2017 23:00,57.33,58.1,57.11,57.3
2/3/2017 23:00,57.44,57.98,57.16,57.59
2/6/2017 23:00,57.57,57.89,56.67,56.77
2/7/2017 23:00,56.9,57,55.39,55.93
2/8/2017 23:00,55.4,56.43,54.98,56.1
2/9/2017 23:00,56.13,56.97,56.13,56.76
2/10/2017 23:00,56.91,57.89,56.66,57.62
2/13/2017 23:00,57.56,57.71,56.53,56.69
2/14/2017 23:00,56.67,57.48,56.62,56.96
2/15/2017 23:00,56.77,57.28,56.5,56.87
2/16/2017 23:00,56.81,57.33,56.39,57.02
2/17/2017 23:00,57.14,57.18,56.56,57.05
2/20/2017 19:00,57.17,57.51,56.99,57.24
2/21/2017 23:00,57.26,58.3,57.19,57.6
2/22/2017 23:00,57.53,57.87,56.62,56.86
2/23/2017 23:00,57.18,58.21,57.14,57.72
2/24/2017 23:00,57.6,57.78,57.03,57.26
2/27/2017 23:00,57.29,57.88,57.21,57.32
2/28/2017 23:00,57.31,57.5,56.45,57.28
3/1/2017 23:00,57.22,57.71,56.9,57.1
3/2/2017 23:00,56.96,57.07,55.81,55.88
3/3/2017 23:00,55.85,56.66,55.82,56.6
3/6/2017 23:00,56.46,56.83,56.03,56.47
3/7/2017 23:00,56.44,57.07,55.98,56.41
3/8/2017 23:00,56.06,56.19,53.32,53.55
3/9/2017 23:00,53.49,54.11,51.86,52.55
3/10/2017 23:00,52.88,53.38,51.58,51.76
3/13/2017 22:00,51.72,51.95,51.17,51.67
3/14/2017 22:00,51.72,52.06,50.36,50.99
3/15/2017 22:00,52.03,52.31,51.43,52.13
3/16/2017 22:00,52.33,52.87,51.74,51.97
3/17/2017 22:00,52.02,52.44,51.83,52.04
3/20/2017 22:00,51.98,52.09,51.19,51.64
3/21/2017 22:00,51.64,52.21,50.72,50.97
3/22/2017 22:00,50.89,51.05,49.74,50.77
3/23/2017 22:00,50.88,51.21,50.31,50.43
3/24/2017 22:00,50.4,50.93,50.27,50.7
3/27/2017 23:00,50.85,51.01,49.81,50.46
3/28/2017 23:00,50.62,51.47,50.53,51.1
3/29/2017 23:00,51.2,52.36,51.11,52.24
3/30/2017 23:00,52.33,53.2,52,53.08
3/31/2017 23:00,53.05,53.58,52.63,53.33
4/3/2017 23:00,53.42,53.56,52.85,52.97
4/4/2017 23:00,52.97,54.03,52.61,53.76
4/5/2017 23:00,53.91,54.61,53.47,53.88
4/6/2017 23:00,53.53,54.55,53.5,54.43
4/7/2017 23:00,54.43,55.67,54.22,54.97
4/10/2017 23:00,55.04,55.91,55.02,55.81
4/11/2017 23:00,55.86,56.18,55.43,56.13
4/12/2017 23:00,56.13,56.49,55.44,55.84
4/13/2017 23:00,55.58,56.12,55.55,55.91
4/17/2017 23:00,55.64,55.93,55.32,55.41
4/18/2017 23:00,55.49,55.6,54.84,55.15
4/19/2017 23:00,55.05,55.38,52.81,53.15
4/20/2017 23:00,53.33,53.68,52.8,53.01
4/21/2017 23:00,53.01,53.23,51.5,51.92
4/24/2017 23:00,51.98,52.52,51.33,51.53
4/25/2017 23:00,51.52,52.13,51.17,51.86
4/26/2017 23:00,51.66,52.5,51.24,51.92
4/27/2017 23:00,51.52,51.73,50.5,51.27
4/28/2017 23:00,51.57,52.06,51.1,51.63
5/1/2017 23:00,51.47,51.62,50.89,51.14
5/2/2017 23:00,51.08,51.58,49.65,49.96
5/3/2017 23:00,50.42,50.53,49.6,50.12
5/4/2017 23:00,49.9,50.05,47.59,47.82
5/5/2017 23:00,47.81,48.98,46.06,48.52
5/8/2017 23:00,48.65,49.28,48.03,48.73
5/9/2017 23:00,48.79,49.08,47.83,48.18
5/10/2017 23:00,48.48,50.08,48.31,49.63
5/11/2017 23:00,49.69,50.52,49.64,50.13
5/12/2017 23:00,50.11,50.37,49.65,50.14
5/15/2017 23:00,50.15,51.96,50.05,51.15
5/16/2017 23:00,51.12,51.68,50.47,50.96
5/17/2017 23:00,50.5,51.81,50.34,51.38
5/18/2017 23:00,51.22,51.9,50.35,51.63
5/19/2017 23:00,51.64,52.87,51.57,52.64
5/22/2017 23:00,52.9,53.4,52.72,53.1
5/23/2017 23:00,53.01,53.76,52.54,53.44
5/24/2017 23:00,53.41,53.85,53,53.33
5/25/2017 23:00,53.22,53.97,50.42,50.87
5/26/2017 23:00,50.72,51.91,50.15,51.77
5/30/2017 23:00,52.04,52.04,51,51.63
5/31/2017 23:00,51.62,51.68,49.7,50.29
6/1/2017 23:00,50.6,51.14,49.87,50.33
6/2/2017 23:00,50.01,50.16,48.71,49.63
6/5/2017 23:00,49.68,50.39,48.83,49.37
6/6/2017 23:00,49.37,50.37,48.91,50.16
6/7/2017 23:00,49.95,50.2,47.62,47.69
6/8/2017 23:00,47.82,48.15,47.17,47.61
6/9/2017 23:00,47.68,48.15,47.24,47.8
6/12/2017 23:00,47.77,48.68,47.63,48.05
6/13/2017 23:00,47.98,48.54,47.53,48.43
6/14/2017 23:00,47.91,48.46,46.51,46.7
6/15/2017 23:00,46.66,46.79,46.21,46.44
6/16/2017 23:00,46.22,46.94,46.22,46.73
6/19/2017 23:00,46.65,47.04,46.02,46.19
6/20/2017 23:00,46.09,46.45,44.7,45.27
6/21/2017 23:00,45.14,45.96,43.81,44.29
6/22/2017 23:00,44.31,45.08,44.02,44.5
6/23/2017 23:00,44.56,44.96,44.29,44.77
6/26/2017 23:00,44.92,45.41,44.39,45.14
6/27/2017 23:00,45.25,46.2,45.08,46
6/28/2017 23:00,45.46,46.66,45.43,46.5
6/29/2017 23:00,46.65,47.21,46.41,46.69
6/30/2017 23:00,46.65,48.11,46.64,47.8
7/3/2017 23:00,48.04,48.86,47.68,48.83
7/4/2017 19:00,48.8,49.08,48.5,48.84
7/5/2017 23:00,48.83,49,46.27,46.89
7/6/2017 23:00,47.41,48.29,46.94,47.28
7/7/2017 23:00,47.11,47.18,45.54,45.99
7/10/2017 23:00,46.11,46.6,45.41,46.16
7/11/2017 23:00,46.34,47.57,45.59,46.8
7/12/2017 23:00,47.5,48.24,46.87,47.25
7/13/2017 23:00,47.2,48.04,46.75,47.84
7/14/2017 23:00,47.84,48.5,47.56,48.3
7/17/2017 23:00,48.46,48.65,47.67,47.8
7/18/2017 23:00,47.74,48.71,47.59,48.16
7/19/2017 23:00,48.05,49.03,47.89,48.89
7/20/2017 23:00,48.84,49.31,48.38,48.49
7/21/2017 23:00,48.48,48.78,47.11,47.34
7/24/2017 23:00,47.19,48.1,46.97,47.91
7/25/2017 23:00,48.03,50.23,47.95,49.46
7/26/2017 23:00,50.08,50.44,49.43,50.32
7/27/2017 23:00,50.27,50.81,49.82,50.61
7/28/2017 23:00,50.74,51.38,50.43,51.28
7/31/2017 23:00,51.42,51.98,50.75,51.74
8/1/2017 23:00,51.78,52,49.94,50.73
8/2/2017 23:00,50.37,51.22,50.12,51.16
8/3/2017 23:00,51.16,51.53,50.35,50.6
8/4/2017 23:00,50.52,51.21,50.07,51.15
8/7/2017 23:00,51.16,51.3,50.11,50.96
8/8/2017 23:00,50.88,51.36,50.43,50.74
8/9/2017 23:00,50.57,51.29,50.47,51.13
8/10/2017 23:00,51.25,51.79,49.92,50.16
8/11/2017 23:00,50.09,50.55,49.55,50.39
8/14/2017 23:00,50.36,50.73,49,49.16
8/15/2017 23:00,49.06,49.47,48.59,49.12
8/16/2017 23:00,49.29,49.56,48.24,48.35
8/17/2017 23:00,48.35,48.74,48.02,48.64
8/18/2017 23:00,48.48,50.3,48.33,50.06
8/21/2017 23:00,50.29,50.31,48.61,48.93
8/22/2017 23:00,48.99,49.61,48.76,49.23
8/23/2017 23:00,49.04,49.9,48.93,49.81
8/24/2017 23:00,49.76,49.83,48.46,48.83
8/25/2017 23:00,49.02,49.31,48.79,49.27
8/28/2017 23:00,49.29,49.6,47.55,47.97
8/29/2017 23:00,48.26,48.36,47.16,47.84
8/30/2017 23:00,47.71,48.12,47.24,47.36
8/31/2017 23:00,47.35,48.87,46.98,48.63
9/1/2017 23:00,48.48,48.75,47.96,48.69
9/5/2017 23:00,48.79,50.38,48.75,50.06
9/6/2017 23:00,49.99,50.82,49.92,50.56
9/7/2017 23:00,50.54,50.73,50.03,50.49
9/8/2017 23:00,50.49,50.66,48.67,48.88
9/11/2017 23:00,48.98,49.67,48.4,49.47
9/12/2017 23:00,49.52,49.84,49.13,49.63
9/13/2017 23:00,49.74,50.8,49.52,50.7
9/14/2017 23:00,50.71,51.9,50.55,51.29
9/15/2017 23:00,51.13,51.55,50.82,51.38
9/18/2017 23:00,51.33,51.79,50.62,51.29
9/19/2017 23:00,51.32,51.76,50.67,50.84
9/20/2017 23:00,51.21,52.05,51.07,51.63
9/21/2017 23:00,51.66,51.75,51.01,51.49
9/22/2017 23:00,51.67,51.72,51.23,51.6
9/25/2017 23:00,51.62,53.22,51.33,53.16
9/26/2017 23:00,53.06,53.37,52.37,52.82
9/27/2017 23:00,53.03,53.28,52.57,53.08
9/28/2017 23:00,52.99,53.8,52.16,52.5
9/29/2017 23:00,52.52,52.71,52.19,52.61
10/2/2017 23:00,52.58,52.65,51.01,51.52
10/3/2017 23:00,51.53,51.67,51.08,51.36
10/4/2017 23:00,51.1,51.61,50.7,50.92
10/5/2017 23:00,50.82,52.16,50.79,51.73
10/6/2017 23:00,51.69,51.76,50.04,50.23
10/9/2017 23:00,50.19,50.73,50.07,50.52
10/10/2017 23:00,50.49,52,50.48,51.86
10/11/2017 23:00,51.88,52.36,51.55,52.24
10/12/2017 23:00,51.94,52.07,51.09,51.54
10/13/2017 23:00,51.67,52.66,51.64,52.39
10/16/2017 23:00,52.37,53.31,52.29,52.81
10/17/2017 23:00,52.87,53.18,52.15,52.78
10/18/2017 23:00,52.84,53.23,52.59,52.93
10/19/2017 23:00,52.93,53.06,51.95,52.18
10/20/2017 23:00,52.26,52.76,51.54,52.51
10/23/2017 23:00,52.74,52.97,52.35,52.57
10/24/2017 23:00,52.56,53.29,52.22,53.14
10/25/2017 23:00,53.23,53.24,52.56,52.85
10/26/2017 23:00,52.86,53.53,52.58,53.31
10/27/2017 23:00,53.47,54.87,52.92,54.57
10/30/2017 22:00,54.83,55.13,54.42,54.82
10/31/2017 22:00,54.75,55.52,54.6,55.05
11/1/2017 22:00,55.32,55.89,54.56,54.97
11/2/2017 22:00,54.95,55.51,54.66,55.21
11/3/2017 22:00,55.4,56.43,55.07,56.31
11/6/2017 23:00,56.64,58.28,56.33,58.02
11/7/2017 23:00,57.94,58.36,57.5,57.87
11/8/2017 23:00,57.63,58.59,57.08,57.48
11/9/2017 23:00,57.52,58.2,57.36,57.84
11/10/2017 23:00,57.69,58.02,57.22,57.41
11/13/2017 23:00,57.57,57.82,56.97,57.43
11/14/2017 23:00,57.39,57.44,55.48,56.37
11/15/2017 23:00,55.76,56.25,55.59,56.03
11/16/2017 23:00,56.02,56.34,55.66,55.86
11/17/2017 23:00,55.97,57.33,55.9,57.22
11/20/2017 23:00,57.31,57.44,56.26,56.93
11/21/2017 23:00,56.89,57.73,56.83,57.34
11/22/2017 23:00,57.63,58.66,57.54,58.53
11/23/2017 19:00,58.56,59.09,58.26,59.07
11/24/2017 19:45,59.05,59.56,58.87,59.46
11/27/2017 23:00,59.46,59.5,58.06,58.62
11/28/2017 23:00,58.37,58.62,57.93,58.5
11/29/2017 23:00,58.24,58.81,57.26,57.81
11/30/2017 23:00,57.92,58.49,57.33,57.91
12/1/2017 23:00,57.93,59.39,57.8,58.87
12/4/2017 23:00,58.83,58.85,57.86,57.98
12/5/2017 23:00,57.99,58.43,57.59,58.13
12/6/2017 23:00,57.96,58.08,56.38,56.47
12/7/2017 23:00,56.51,57.29,56.33,57.2
12/8/2017 23:00,57.16,58.3,57.05,57.87
12/11/2017 23:00,57.76,58.59,57.42,58.5
12/12/2017 23:00,58.53,59.07,57.36,57.65
12/13/2017 23:00,57.96,58.34,57.06,57.11
12/14/2017 23:00,57.19,57.79,56.63,57.6
12/15/2017 23:00,57.71,58.03,57.51,57.85
12/18/2017 23:00,57.92,58.33,57.4,57.74
12/19/2017 23:00,57.86,58.32,57.72,58.08
12/20/2017 23:00,58.18,58.64,57.96,58.61
12/21/2017 23:00,58.54,58.9,58.15,58.88
12/22/2017 23:00,58.73,59.02,58.39,58.99
12/26/2017 23:00,58.92,60.53,58.84,60.49
12/27/2017 23:00,60.31,60.45,59.85,60.16
12/28/2017 23:00,60.05,60.46,59.96,60.36
12/29/2017 23:00,60.43,61.03,60.34,60.94
1/2/2018 23:00,60.72,61.26,60.62,60.89
1/3/2018 23:00,60.91,62.49,60.8,62.15
1/4/2018 23:00,62.48,62.73,62.11,62.53
1/5/2018 23:00,62.42,62.56,61.61,61.96
1/8/2018 23:00,62.13,62.49,61.86,62.25
1/9/2018 23:00,62.44,64,62.32,63.48
1/10/2018 23:00,63.93,64.19,63.61,64.09
1/11/2018 23:00,64.02,65.29,63.95,64.32
1/12/2018 23:00,64.09,65.02,63.58,64.82
1/15/2018 19:00,64.95,65.41,64.61,65.33
1/16/2018 23:00,65.32,65.33,63.91,64.25
1/17/2018 23:00,64.4,64.72,63.83,64.5
1/18/2018 23:00,64.58,64.86,64.02,64.47
1/19/2018 23:00,64.26,64.31,63.36,63.89
1/22/2018 23:00,64.08,64.71,63.63,64.15
1/23/2018 23:00,64.46,65.46,64.28,65.05
1/24/2018 23:00,65,66.63,64.92,66.19
1/25/2018 23:00,66.46,67.24,65.66,66.09
1/26/2018 23:00,65.83,66.93,65.49,66.72
1/29/2018 23:00,66.76,67.04,65.56,66.14
1/30/2018 23:00,66.11,66.14,64.47,65.08
1/31/2018 23:00,64.61,65.52,64.25,65.31
2/1/2018 23:00,65.34,66.83,65.21,66.38
2/2/2018 23:00,66.57,66.88,65.05,66.03
2/5/2018 23:00,65.68,65.98,64,64.73
2/6/2018 23:00,64.01,64.87,63.7,63.97
2/7/2018 23:00,64.5,64.76,61.83,62.37
2/8/2018 23:00,62.28,62.67,60.85,61.73
2/9/2018 23:00,61.01,61.35,58.65,59.78
2/12/2018 23:00,59.7,61.41,59.68,59.87
2/13/2018 23:00,59.93,60.31,58.97,59.77
2/14/2018 23:00,59.56,61.48,58.78,61.18
2/15/2018 23:00,61.25,62.16,60.29,61.87
2/16/2018 23:00,61.98,62.57,61.46,62.25
2/19/2018 19:00,62.21,63.2,62.19,63.07
2/20/2018 23:00,63.07,63.35,62.13,62.49
2/21/2018 23:00,62.33,62.56,61.62,62.38
2/22/2018 23:00,62.04,63.79,61.45,63.47
2/23/2018 23:00,63.3,64.43,63.03,64.25
2/26/2018 23:00,64.3,64.94,63.76,64.61
2/27/2018 23:00,64.76,64.78,63.34,63.71
2/28/2018 23:00,63.49,64.14,62.06,62.34
3/1/2018 23:00,62.25,62.53,60.88,61.69
3/2/2018 23:00,62.04,62.3,60.83,61.95
3/5/2018 23:00,62.25,63.49,61.8,63.27
3/6/2018 23:00,63.28,63.98,62.87,63.3
3/7/2018 23:00,63,63.28,61.28,61.85
3/8/2018 23:00,62.03,62.1,60.65,60.82
3/9/2018 23:00,60.97,62.88,60.84,62.74
3/12/2018 22:00,62.8,63.03,61.37,62.06
3/13/2018 22:00,62.07,62.67,60.97,61.41
3/14/2018 22:00,61.57,62.03,60.81,61.66
3/15/2018 22:00,61.64,62.24,61.5,61.89
3/16/2018 22:00,61.88,63.24,61.78,63.05
3/19/2018 22:00,62.94,63.08,62.09,62.77
3/20/2018 22:00,62.84,64.62,62.77,64.18
3/21/2018 22:00,64.36,66.19,64.22,65.81
3/22/2018 22:00,66.14,66.38,64.78,64.94
3/23/2018 22:00,64.92,66.64,64.75,66.52
3/26/2018 23:00,66.54,67.19,65.72,66.19
3/27/2018 23:00,66.17,67.05,65.17,65.89
3/28/2018 23:00,65.34,65.77,64.36,65.02
3/29/2018 23:00,65.33,65.9,64.8,65.58
4/2/2018 23:00,65.55,66.06,63.44,63.65
4/3/2018 23:00,63.53,64.5,63.5,64.15
4/4/2018 23:00,64.23,64.28,62.7,64.01
4/5/2018 23:00,64.24,64.76,63.71,64.18
4/6/2018 23:00,64.34,64.43,62.45,62.7
4/9/2018 23:00,62.64,64.25,62.57,64.06
4/10/2018 23:00,63.94,66.5,63.84,66.15
4/11/2018 23:00,66.23,68.09,65.79,67.46
4/12/2018 23:00,67.39,67.97,66.64,67.71
4/13/2018 23:00,67.82,68.4,67.34,68.03
4/16/2018 23:00,67.88,68.38,66.77,66.86
4/17/2018 23:00,67.05,67.37,66.24,67.16
4/18/2018 23:00,67.34,69.55,67.19,69.12
4/19/2018 23:00,69.38,70.2,68.65,68.98
4/20/2018 23:00,68.87,69.31,68.14,69.05
4/23/2018 23:00,68.87,69.68,67.79,69.29
4/24/2018 23:00,69.6,70.03,68.19,68.35
4/25/2018 23:00,68.4,68.83,67.76,68.7
4/26/2018 23:00,68.68,69.43,68.36,68.84
4/27/2018 23:00,68.86,69.01,68.29,68.75
4/30/2018 23:00,68.8,69.99,67.82,69.22
5/1/2018 23:00,69.21,69.55,67.5,67.9
5/2/2018 23:00,68.14,68.79,67.57,68.58
5/3/2018 23:00,68.33,69.25,67.86,69.08
5/4/2018 23:00,69.15,70.62,68.77,70.37
5/7/2018 23:00,70.5,71.49,70.16,71.38
5/8/2018 23:00,70.68,71.05,68.28,69.71
5/9/2018 23:00,70.7,72.01,70.5,71.79
5/10/2018 23:00,71.88,72.54,71.21,72.01
5/11/2018 23:00,72.1,72.28,71.1,71.35
5/14/2018 23:00,71.19,71.91,70.91,71.61
5/15/2018 23:00,71.8,72.57,71.07,71.96
5/16/2018 23:00,71.67,72.24,71.31,72.14
5/17/2018 23:00,72.19,72.94,71.79,72.14
5/18/2018 23:00,72.21,72.43,71.66,71.94
5/21/2018 23:00,72.07,73.25,71.89,72.92
5/22/2018 23:00,73.19,73.47,72.39,72.77
5/23/2018 23:00,72.68,72.83,71.76,72.41
5/24/2018 23:00,72.4,72.57,71.09,71.28
5/25/2018 23:00,71.22,71.37,67.99,68.45
5/28/2018 19:00,68.12,68.12,66.37,67.04
5/29/2018 23:00,67.06,67.92,66.49,67.3
5/30/2018 23:00,67.42,69.24,66.92,68.78
5/31/2018 23:00,68.81,68.87,67.13,67.61
6/1/2018 23:00,67.64,67.91,66.08,66.38
6/4/2018 23:00,66.28,66.61,65.14,65.32
6/5/2018 23:00,65.51,66.14,64.79,66.09
6/6/2018 23:00,66.08,66.53,64.84,65.3
6/7/2018 23:00,65.64,66.64,65.38,66.52
6/8/2018 23:00,66.55,66.81,65.72,66.31
6/11/2018 23:00,66.13,66.92,65.42,66.67
6/12/2018 23:00,66.62,67.27,66.44,66.93
6/13/2018 23:00,66.58,67.46,66.09,67.21
6/14/2018 23:00,67.19,67.73,66.93,67.46
6/15/2018 23:00,67.57,67.64,64.84,65.6
6/18/2018 23:00,64.97,66.57,64.15,66.44
6/19/2018 23:00,66.45,66.49,64.98,65.65
6/20/2018 23:00,65.68,67.1,65.54,66.46
6/21/2018 23:00,66.09,66.97,65.09,66.29
6/22/2018 23:00,66.68,70.13,66.46,69.33
6/25/2018 23:00,69.5,70.19,68.53,68.83
6/26/2018 23:00,68.96,71.66,68.47,71.28
6/27/2018 23:00,71.43,73.81,71.31,73.51
6/28/2018 23:00,73.02,74.78,72.95,74.2
6/29/2018 23:00,74.08,75.21,73.68,74.9
7/2/2018 23:00,74.37,75.1,73.26,74.69
7/3/2018 23:00,74.83,76.02,73.48,74.89
7/4/2018 19:00,74.98,75.65,74.25,75.08
7/5/2018 23:00,75.1,75.55,73.28,73.69
7/6/2018 23:00,73.91,74.76,72.89,74.55
7/9/2018 23:00,74.62,75.03,73.74,74.6
7/10/2018 23:00,74.79,75.45,74.4,74.86
7/11/2018 23:00,74.95,75.01,70.77,71.13
7/12/2018 23:00,71.35,71.99,69.98,71.08
7/13/2018 23:00,71.13,72.41,70.59,71.76
7/16/2018 23:00,71.27,71.62,68.33,68.81
7/17/2018 23:00,68.76,69.26,68,68.81
7/18/2018 23:00,68.37,69.66,67.94,69.4
7/19/2018 23:00,69.61,70.44,68.27,69.89
7/20/2018 23:00,69.68,70.56,69.34,69.91
7/23/2018 23:00,69.82,70.96,69.25,69.54
7/24/2018 23:00,69.45,70.7,69.21,70.17
7/25/2018 23:00,70.42,71.35,69.85,70.95
7/26/2018 23:00,71.03,71.57,70.57,71.26
7/27/2018 23:00,71.23,71.42,69.91,70.34
7/30/2018 23:00,70.66,72.08,70.45,71.78
7/31/2018 23:00,71.7,71.87,69.63,70.41
8/1/2018 23:00,70.08,70.17,68.96,69.31
8/2/2018 23:00,69.51,71.01,68.57,70.61
8/3/2018 23:00,70.64,70.89,69.52,70.14
8/6/2018 23:00,70.3,71.57,70.15,70.66
8/7/2018 23:00,70.55,71.48,70.46,70.82
8/8/2018 23:00,70.74,71.02,67.97,68.59
8/9/2018 23:00,68.44,69.06,68.14,68.46
8/10/2018 23:00,68.39,69.52,67.79,69.28
8/13/2018 23:00,69.43,69.6,67.36,68.85
8/14/2018 23:00,69.07,70.02,68.23,68.69
8/15/2018 23:00,68.27,68.55,66.16,66.66
8/16/2018 23:00,66.56,67.16,66.1,67.09
8/17/2018 23:00,67.06,67.97,66.9,67.42
8/20/2018 23:00,67.42,67.83,67.06,67.63
8/21/2018 23:00,67.65,68.7,67.52,68.05
8/22/2018 23:00,68.29,70.36,68.19,70.07
8/23/2018 23:00,70.28,70.33,69.53,70.04
8/24/2018 23:00,70.11,71.52,69.99,70.93
8/27/2018 23:00,70.78,71.18,70.55,71.08
8/28/2018 23:00,71.14,71.41,70.42,70.74
8/29/2018 23:00,70.75,71.97,70.58,71.72
8/30/2018 23:00,71.92,72.71,71.76,72.46
8/31/2018 23:00,72.27,72.57,71.85,72.01
9/3/2018 19:00,72.1,72.42,71.74,72.31
9/4/2018 23:00,72.33,73.61,71.29,72.08
9/5/2018 23:00,71.64,71.8,70.77,70.93
9/6/2018 23:00,70.85,71.23,69.21,69.98
9/7/2018 23:00,70.09,70.29,69.07,69.96
9/10/2018 23:00,70.03,70.73,69.54,69.75
9/11/2018 23:00,69.74,72.22,69.69,71.46
9/12/2018 23:00,72.1,73.47,71.71,72.58
9/13/2018 23:00,72.45,72.49,70.56,70.8
9/14/2018 23:00,71,72.12,70.15,71.2
9/17/2018 23:00,71.14,71.94,70.75,71.12
9/18/2018 23:00,71.02,72.61,70.73,72.03
9/19/2018 23:00,71.9,73.51,71.8,73.21
9/20/2018 23:00,73.42,73.79,72.47,72.76
9/21/2018 23:00,72.64,74.24,72.42,73.22
9/24/2018 23:00,73.58,75.18,73.58,74.52
9/25/2018 23:00,74.69,75.22,74.33,74.72
9/26/2018 23:00,74.53,74.82,73.91,74.01
9/27/2018 23:00,74.45,75.04,74.15,74.56
9/28/2018 23:00,74.62,76.17,74.32,75.69
10/1/2018 23:00,75.73,78.21,75.39,77.74
10/2/2018 23:00,77.86,78.35,77.37,77.67
10/3/2018 23:00,77.56,79.34,76.74,78.85
10/4/2018 23:00,78.62,78.91,76.32,76.77
10/5/2018 23:00,77.11,77.66,76.27,76.78
10/8/2018 23:00,76.84,77.02,75.51,76.73
10/9/2018 23:00,76.65,77.72,76.44,77.4
10/10/2018 23:00,77.1,77.52,74.82,75.61
10/11/2018 23:00,75.12,75.2,72.95,73.41
10/12/2018 23:00,73.43,74.45,73.08,73.78
10/15/2018 23:00,74.29,75.14,73.29,74.22
10/16/2018 23:00,74.16,74.73,73.46,74.36
10/17/2018 23:00,74.65,74.87,71.96,72.28
10/18/2018 23:00,72.52,72.57,71.11,71.29
10/19/2018 23:00,71.34,72.48,71.2,71.86
10/22/2018 23:00,72.18,72.42,71.04,71.94
10/23/2018 23:00,72.13,72.24,68.32,69.01
10/24/2018 23:00,68.75,70.3,68.63,69.4
10/25/2018 23:00,68.94,70.23,68.57,69.91
10/26/2018 23:00,69.53,70.46,68.78,70.17
10/29/2018 22:00,70.13,70.53,68.87,69.62
10/30/2018 22:00,69.26,69.84,67.91,68.76
10/31/2018 22:00,68.9,69.58,67.39,67.89
11/1/2018 22:00,67.46,67.97,65.69,66.27
11/2/2018 22:00,66.08,66.53,65.21,65.72
11/5/2018 23:00,65.57,66.72,65.1,65.68
11/6/2018 23:00,65.28,65.9,63.89,64.79
11/7/2018 23:00,64.32,65.76,63.78,64.25
11/8/2018 23:00,64.22,65,62.98,63.25
11/9/2018 23:00,63.33,63.37,61.84,62.77
11/12/2018 23:00,63.28,63.86,61.26,62.51
11/13/2018 23:00,61.46,61.93,57.33,58.27
11/14/2018 23:00,57.92,59.98,57.73,58.87
11/15/2018 23:00,58.67,59.91,58.23,59.11
11/16/2018 23:00,59.21,60.59,58.55,59.46
11/19/2018 23:00,59.46,60.01,57.71,59.63
11/20/2018 23:00,59.82,59.87,55.2,55.86
11/21/2018 23:00,55.82,58.29,55.82,57.06
11/22/2018 19:00,57.09,57.25,55.95,56.28
11/23/2018 19:45,56.3,56.55,52.58,52.85
11/26/2018 23:00,53.05,54.68,52.53,54.06
11/27/2018 23:00,53.97,54.81,52.73,53.99
11/28/2018 23:00,54.52,54.99,52.49,52.72
11/29/2018 23:00,52.74,54.63,51.84,53.88
11/30/2018 23:00,53.7,54.22,52.08,53.36
12/3/2018 23:00,54.88,56.28,54.46,55.38
12/4/2018 23:00,55.56,56.98,54.86,55.68
12/5/2018 23:00,55.02,56.87,54.59,55.32
12/6/2018 23:00,55.36,55.73,52.51,53.92
12/7/2018 23:00,54.19,56.65,53.03,55.04
12/10/2018 23:00,54.46,55.24,52.96,53.43
12/11/2018 23:00,53.32,54.86,53.13,54.08
12/12/2018 23:00,54.38,55.31,53.37,53.58
12/13/2018 23:00,53.63,55.7,52.78,55.01
12/14/2018 23:00,55.24,55.39,53.31,53.67
12/17/2018 23:00,53.72,54.35,51.52,52.4
12/18/2018 23:00,51.66,52.1,48.31,48.8
12/19/2018 23:00,48.51,50.56,48.5,50.37
12/20/2018 23:00,49.59,49.71,47.87,48.08
12/21/2018 23:00,48.45,48.97,47.33,47.79
12/24/2018 19:15,47.65,48.44,44.56,44.73
12/26/2018 23:00,45.05,49.2,44.72,48.42
12/27/2018 23:00,48.78,48.9,46.57,46.81
12/28/2018 23:00,47.64,48.42,46.62,47.53
12/31/2018 23:00,47.42,48.73,46.93,47.61
1/2/2019 23:00,48,49.98,46.55,48.74
1/3/2019 23:00,48.46,49.69,47.55,49.29
1/4/2019 23:00,49.1,51.42,48.85,50.16
1/7/2019 23:00,50.5,51.99,50.31,50.72
1/8/2019 23:00,50.93,52.15,50.51,51.98
1/9/2019 23:00,52,54.78,51.91,54.56
1/10/2019 23:00,54.38,54.98,53.57,54.79
1/11/2019 23:00,54.48,55.51,53.38,53.79
1/14/2019 23:00,53.93,54.31,52.58,52.71
1/15/2019 23:00,52.98,54.5,52.84,54.31
1/16/2019 23:00,54.2,54.72,53.46,54.51
1/17/2019 23:00,54.51,54.79,53.2,54.27
1/18/2019 23:00,54.44,56.05,54.28,55.95
1/21/2019 19:00,55.86,56.42,55.45,56.13
1/22/2019 23:00,56.09,56.23,53.95,54.92
1/23/2019 23:00,54.86,55.55,53.77,54.53
1/24/2019 23:00,54.36,55.38,53.98,55.04
1/25/2019 23:00,55.08,55.85,54.82,55.6
1/28/2019 23:00,55.47,55.55,53.24,53.9
1/29/2019 23:00,54.03,55.84,53.75,55.22
1/30/2019 23:00,55.15,56.84,55,56.14
1/31/2019 23:00,56.19,57.28,55.53,55.7
2/1/2019 23:00,55.92,57.57,55.28,57.17
2/4/2019 23:00,57.23,57.66,55.2,56.47
2/5/2019 23:00,56.77,57.12,55.38,55.57
2/6/2019 23:00,55.64,56.21,54.77,55.92
2/7/2019 23:00,55.85,56.12,53.71,54.55
2/8/2019 23:00,54.5,54.9,53.99,54.63
2/11/2019 23:00,54.57,54.69,53.14,54.32
2/12/2019 23:00,54.38,55.96,54.2,55.01
2/13/2019 23:00,55.26,56.51,55.18,55.81
2/14/2019 23:00,55.87,56.59,54.99,56.32
2/15/2019 23:00,56.37,57.77,56.13,57.49
2/18/2019 19:00,57.66,58.24,57.61,57.97
2/19/2019 23:00,57.97,58.13,57.17,57.96
2/20/2019 23:00,57.9,59.11,57.28,58.67
2/21/2019 23:00,58.75,59.12,58.15,58.47
2/22/2019 23:00,58.35,59.32,58.22,58.77
2/25/2019 23:00,58.68,59.04,56.59,56.99
2/26/2019 23:00,56.97,57.59,56.53,57.01
2/27/2019 23:00,57.46,58.9,57.23,58.45
2/28/2019 23:00,58.51,58.94,57.94,58.73
3/1/2019 23:00,58.73,59.39,57.08,57.31
3/4/2019 23:00,57.34,58.51,57.32,58.1
3/5/2019 23:00,57.96,58.7,57.6,58.07
3/6/2019 23:00,57.79,57.91,56.93,57.73
3/7/2019 23:00,57.71,58.5,57.59,58.17
3/8/2019 23:00,57.94,58.02,56.03,57.58
3/11/2019 22:00,57.58,58.52,57.47,58.3
3/12/2019 22:00,58.27,59.06,58.25,58.38
3/13/2019 22:00,58.6,59.99,58.52,59.77
3/14/2019 22:00,59.86,60.25,59.51,60.12
3/15/2019 22:00,60.02,60.45,59.23,60.02
3/18/2019 22:00,59.95,60.74,59.57,60.58
3/19/2019 22:00,60.51,61.06,60.09,60.49
3/20/2019 22:00,60.49,61.48,59.76,61.43
3/21/2019 22:00,61.19,61.59,60.86,61.18
3/22/2019 22:00,61.07,61.27,59.48,60.24
3/25/2019 22:00,60.18,60.55,59.37,60.02
3/26/2019 22:00,60.32,61.58,60.24,61.14
3/27/2019 22:00,61.23,61.42,60.01,60.61
3/28/2019 22:00,60.6,60.76,59.4,60.5
3/29/2019 22:00,60.73,61.93,60.61,61.34
4/1/2019 23:00,61.44,63,61.33,62.79
4/2/2019 23:00,63.01,63.95,62.8,63.78
4/3/2019 23:00,63.84,64.19,63.25,63.66
4/4/2019 23:00,63.7,63.97,63.09,63.3
4/5/2019 23:00,63.38,64.54,63.02,64.28
4/8/2019 23:00,64.53,65.68,64.33,65.6
4/9/2019 23:00,65.6,65.99,64.88,65.18
4/10/2019 23:00,65.42,65.9,65.25,65.81
4/11/2019 23:00,65.68,65.69,64.51,64.78
4/12/2019 23:00,64.91,65.85,64.86,65.09
4/15/2019 23:00,64.96,65.04,64.23,64.6
4/16/2019 23:00,64.77,65.57,64.19,65.25
4/17/2019 23:00,65.53,65.79,64.83,64.94
4/18/2019 23:00,64.92,65.31,64.62,65.14
4/22/2019 23:00,65.14,67.06,65.12,66.62
4/23/2019 23:00,66.82,67.67,66.65,67.37
4/24/2019 23:00,67.24,67.5,66.73,66.96
4/25/2019 23:00,66.88,67.35,65.97,66.28
4/26/2019 23:00,66.2,66.25,63.35,64.37
4/29/2019 23:00,64.02,64.76,63.53,64.57
4/30/2019 23:00,64.65,65.82,64.37,64.98
5/1/2019 23:00,64.47,65,63.84,64.67
5/2/2019 23:00,64.68,64.75,62.02,62.88
5/3/2019 23:00,62.62,63.59,62.37,63.01
5/6/2019 23:00,62.5,64.02,61.11,63.32
5/7/2019 23:00,63.24,63.56,61.73,62.47
5/8/2019 23:00,62.51,63.44,62.14,63.19
5/9/2019 23:00,63.09,63.28,61.99,62.77
5/10/2019 23:00,62.71,63.56,62.49,62.73
5/13/2019 23:00,62.72,64.4,61.71,62.11
5/14/2019 23:00,61.93,63.18,61.76,62.85
5/15/2019 23:00,62.44,63.41,61.92,63.09
5/16/2019 23:00,63.18,64.54,63.16,63.91
5/17/2019 23:00,64.15,64.67,63.55,63.77
5/20/2019 23:00,63.94,64.81,63.45,64.06
5/21/2019 23:00,64.15,64.63,63.63,63.98
5/22/2019 23:00,63.8,63.85,61.88,62.27
5/23/2019 23:00,62.16,62.26,58.18,58.76
5/24/2019 23:00,59.06,59.95,58.35,59.48
5/27/2019 19:00,59.79,60.12,58.98,60.09
5/28/2019 23:00,60.08,60.42,59.47,59.99
5/29/2019 23:00,59.92,59.99,57.73,59.66
5/30/2019 23:00,59.97,60.55,57.18,57.44
5/31/2019 23:00,57.31,57.46,53.9,54.35
6/3/2019 23:00,54.27,55.48,52.96,54.1
6/4/2019 23:00,53.74,54.63,53.28,54.33
6/5/2019 23:00,53.71,54.26,51.45,52.53
6/6/2019 23:00,52.51,54.15,52.02,53.44
6/7/2019 23:00,53.95,55.17,53.47,54.84
6/10/2019 23:00,55.09,55.69,53.9,54.11
6/11/2019 23:00,54.28,54.89,53.76,54.12
6/12/2019 23:00,53.89,53.9,51.57,51.99
6/13/2019 23:00,51.92,54.3,51.77,53.13
6/14/2019 23:00,53.03,53.83,52.55,53.36
6/17/2019 23:00,53.28,53.57,52.39,52.74
6/18/2019 23:00,52.72,55.1,52.29,54.68
6/19/2019 23:00,54.87,55.22,54.07,54.54
6/20/2019 23:00,54.95,57.94,54.92,57.64
6/21/2019 23:00,57.83,58.55,57.23,58
6/24/2019 23:00,58.29,58.79,57.32,58.47
6/25/2019 23:00,58.31,59.41,57.77,58.4
6/26/2019 23:00,59.41,60.5,59.22,59.95
6/27/2019 23:00,59.84,60.3,59.18,60
6/28/2019 23:00,59.79,60.37,58.32,59.04
7/1/2019 23:00,59.84,60.85,58.91,59.66
7/2/2019 23:00,59.71,60,56.66,56.82
7/3/2019 23:00,57.06,58.05,56.61,57.91
7/4/2019 19:00,57.95,58.14,57.04,57.37
7/5/2019 23:00,57.32,58.39,56.86,58.08
7/8/2019 23:00,58.34,59.03,57.87,58.23
7/9/2019 23:00,58.13,59.67,57.86,58.4
7/10/2019 23:00,58.97,61.1,58.92,61
7/11/2019 23:00,61.01,61.51,60.71,60.77
7/12/2019 23:00,61.03,61.31,60.5,60.78
7/15/2019 23:00,60.82,61.49,59.77,60.15
7/16/2019 23:00,59.83,60.63,57.64,58.19
7/17/2019 23:00,58.09,58.93,56.8,57.36
7/18/2019 23:00,57.16,57.89,55.29,55.86
7/19/2019 23:00,56.28,56.93,55.56,56.2
7/22/2019 23:00,56.64,57.48,56.27,56.66
7/23/2019 23:00,56.61,57.91,56.18,57.21
7/24/2019 23:00,57.67,58.08,55.77,56.32
7/25/2019 23:00,56.34,57.43,56.25,56.46
7/26/2019 23:00,56.37,57.01,56.12,56.64
7/29/2019 23:00,56.64,57.54,56.25,57.31
7/30/2019 23:00,57.51,58.91,57.4,58.49
7/31/2019 23:00,58.78,59.26,58.25,59.02
8/1/2019 23:00,58.29,58.43,54.03,54.39
8/2/2019 23:00,54.98,56.49,54.59,56.1
8/5/2019 23:00,55.82,56.05,54.66,55.13
8/6/2019 23:00,55.39,55.86,53.73,54.07
8/7/2019 23:00,53.86,54.21,50.96,51.53
8/8/2019 23:00,52.77,53.5,52.38,52.98
8/9/2019 23:00,53.32,55.36,52.81,54.94
8/12/2019 23:00,54.76,55.62,53.98,55.37
8/13/2019 23:00,55.17,57.91,54.65,57.54
8/14/2019 23:00,57.18,57.29,54.41,55.67
8/15/2019 23:00,55.4,55.8,54.25,54.9
8/16/2019 23:00,55.09,56.1,54.7,55.29
8/19/2019 23:00,55.43,56.8,55.27,56.62
8/20/2019 23:00,56.61,57.08,55.64,56.61
8/21/2019 23:00,56.53,57.61,56.03,56.16
8/22/2019 23:00,56.42,56.94,55.33,55.83
8/23/2019 23:00,55.83,56.08,53.72,54.65
8/26/2019 23:00,53.73,55.74,53.44,54.12
8/27/2019 23:00,54.24,56.2,54.17,55.41
8/28/2019 23:00,56.19,57.23,55.82,56.26
8/29/2019 23:00,56.36,57.37,55.91,57.19
8/30/2019 23:00,57.11,57.2,55.03,55.58
9/2/2019 19:00,55.22,55.72,54.82,55.25
9/3/2019 23:00,55.28,55.52,53.32,54.42
9/4/2019 23:00,54.4,57.06,54.32,56.74
9/5/2019 23:00,56.43,58.24,56.23,56.78
9/6/2019 23:00,56.67,57.43,55.31,57
9/9/2019 23:00,57.28,58.64,57.06,58.33
9/10/2019 23:00,58.51,59.24,57.68,57.88
9/11/2019 23:00,58.37,58.78,56.09,56.23
9/12/2019 23:00,56.41,56.82,54.48,55.57
9/13/2019 23:00,55.63,56.16,54.92,55.33
9/16/2019 23:00,61.96,63.86,59.25,63.38
9/17/2019 23:00,62.42,63.09,58.97,59.8
9/18/2019 23:00,59.32,59.97,58.28,58.74
9/19/2019 23:00,58.87,60.19,58.72,58.89
9/20/2019 23:00,59.39,59.94,58.63,58.79
9/23/2019 23:00,59.95,60.09,58.07,59.34
9/24/2019 23:00,59.14,59.19,57.39,57.99
9/25/2019 23:00,57.4,57.72,56.25,57.19
9/26/2019 23:00,57.39,57.54,56.11,57.11
9/27/2019 23:00,57.21,57.46,55.45,56.61
9/30/2019 23:00,57.24,57.27,54.68,54.77
10/1/2019 23:00,54.98,55.54,53.75,54.32
10/2/2019 23:00,54.7,55.12,52.87,53.34
10/3/2019 23:00,53.17,53.61,51.69,53.15
10/4/2019 23:00,52.99,54.05,52.74,53.51
10/7/2019 23:00,53.39,54.76,53.29,53.45
10/8/2019 23:00,53.51,53.97,52.51,53.33
10/9/2019 23:00,53.27,54.44,53.01,53.29
10/10/2019 23:00,53.39,54.67,52.08,54.25
10/11/2019 23:00,54.58,55.63,54.34,55.4
10/14/2019 23:00,55.6,55.6,53.47,54.29
10/15/2019 23:00,54.21,54.49,53.09,53.51
10/16/2019 23:00,53.62,54.44,53.21,54.06
10/17/2019 23:00,53.67,54.85,53.32,54.62
10/18/2019 23:00,54.79,55.28,54.03,54.46
10/21/2019 23:00,54.42,54.76,53.44,54.1
10/22/2019 23:00,54.19,55.4,53.82,55.07
10/23/2019 23:00,54.89,56.66,54.21,56.56
10/24/2019 23:00,56.49,57.1,56,56.82
10/25/2019 23:00,56.66,57.33,56.19,57.25
10/28/2019 22:00,57.24,57.51,56.17,56.4
10/29/2019 22:00,56.39,56.5,55.2,56.13
10/30/2019 22:00,56.12,56.32,55.01,55.65
10/31/2019 22:00,55.49,56.18,54.3,54.77
11/1/2019 22:00,54.74,56.92,54.66,56.79
11/4/2019 23:00,57,58.02,56.42,57.13
11/5/2019 23:00,57.15,58.09,56.89,57.82
11/6/2019 23:00,57.85,58.44,56.7,56.94
11/7/2019 23:00,56.94,58.47,56.86,57.74
11/8/2019 23:00,57.67,58.07,56.35,57.83
11/11/2019 23:00,57.99,57.99,56.84,57.45
11/12/2019 23:00,57.48,58.14,57.13,57.39
11/13/2019 23:00,57.38,58.12,56.79,57.71
11/14/2019 23:00,57.98,58.38,57.22,57.36
11/15/2019 23:00,57.51,58.59,57.03,58.33
11/18/2019 23:00,58.47,58.67,57.14,57.64
11/19/2019 23:00,57.5,57.71,55.66,55.85
11/20/2019 23:00,55.76,57.87,55.35,57.51
11/21/2019 23:00,57.5,59.17,57.1,59.08
11/22/2019 23:00,58.81,59.24,58,58.27
11/25/2019 23:00,58.42,58.65,57.71,58.51
11/26/2019 23:00,58.42,59.06,58.26,58.91
11/27/2019 23:00,58.77,59.18,58.01,58.61
11/28/2019 19:00,58.63,58.8,58.14,58.74
11/29/2019 19:45,58.7,58.78,55.52,55.67
12/2/2019 23:00,55.97,57.17,55.92,56.46
12/3/2019 23:00,56.46,57.3,55.85,56.6
12/4/2019 23:00,56.93,59.16,56.78,58.93
12/5/2019 23:00,58.86,59.62,58.6,58.83
12/6/2019 23:00,58.82,60.35,58.2,59.7
12/9/2019 23:00,59.61,59.75,58.73,59.52
12/10/2019 23:00,59.42,60.02,59.02,59.74
12/11/2019 23:00,59.56,59.72,58.61,59.26
12/12/2019 23:00,59.38,60.22,59.25,59.68
12/13/2019 23:00,59.86,60.98,59.77,60.57
12/16/2019 23:00,60.42,60.88,60.21,60.73
12/17/2019 23:00,60.75,61.56,60.56,61.46
12/18/2019 23:00,61.08,61.7,60.83,61.44
12/19/2019 23:00,61.4,61.99,61.28,61.77
12/20/2019 23:00,61.7,61.79,60.61,61.03
12/23/2019 23:00,61,61.36,60.69,61.11
12/24/2019 19:45,61.22,61.71,61.06,61.7
12/26/2019 23:00,61.79,62.42,61.65,62.27
12/27/2019 23:00,62.32,62.56,61.83,62.31
12/30/2019 23:00,62.3,62.93,61.68,62.27
12/31/2019 23:00,62.27,62.47,61.22,61.65
1/2/2020 23:00,62.19,62.19,61.23,61.77
1/3/2020 23:00,61.77,64.68,61.72,63.64
1/6/2020 23:00,64.3,65.31,63.23,63.86
1/7/2020 23:00,63.5,63.74,62.7,63.29
1/8/2020 23:00,63.43,66.24,59.74,60.2
1/9/2020 23:00,60.58,60.9,59.25,60.15
1/10/2020 23:00,60.2,60.37,59.44,59.63
1/13/2020 23:00,59.63,59.86,58.5,58.67
1/14/2020 23:00,58.62,59.31,58.31,58.82
1/15/2020 23:00,58.79,58.95,57.95,58.4
1/16/2020 23:00,58.69,59.45,58.17,59.1
1/17/2020 23:00,59.18,59.57,58.88,59.15
1/20/2020 19:00,59.92,60.34,59.13,59.27
1/21/2020 23:00,59.39,59.47,58.28,58.95
1/22/2020 23:00,58.83,58.95,56.6,57.31
1/23/2020 23:00,56.68,56.84,55.34,56.16
1/24/2020 23:00,56.26,56.52,54.42,54.76
1/27/2020 23:00,54.27,54.28,52.7,53.71
1/28/2020 23:00,53.34,54.63,53.25,54.05
1/29/2020 23:00,54.54,54.94,53.38,53.9
1/30/2020 23:00,53.66,53.77,52.23,52.71
1/31/2020 23:00,53.49,53.93,51.54,52.13
2/3/2020 23:00,51.58,52.54,50.37,50.68
2/4/2020 23:00,50.51,52.12,49.88,50.18
2/5/2020 23:00,50.08,52.45,50.04,51.32
2/6/2020 23:00,51.74,52.77,50.81,51.52
2/7/2020 23:00,51.68,52.05,50.66,50.89
2/10/2020 23:00,50.69,51.06,49.99,50.14
2/11/2020 23:00,50.18,51.26,50.15,50.51
2/12/2020 23:00,50.53,52.3,50.52,51.74
2/13/2020 23:00,52.29,52.53,51.17,51.99
2/14/2020 23:00,52.08,52.91,51.89,52.62
2/17/2020 19:00,52.8,52.96,52.36,52.9
2/18/2020 23:00,52.71,52.76,51.46,52.6
2/19/2020 23:00,52.67,54.18,52.47,53.8
2/20/2020 23:00,54.01,54.97,53.75,54.19
2/21/2020 23:00,54.05,54.17,52.86,53.69
2/24/2020 23:00,52.91,52.95,50.76,51.74
2/25/2020 23:00,51.68,52.33,50,50.21
2/26/2020 23:00,50.39,50.75,48.61,49.04
2/27/2020 23:00,48.94,49.09,46.19,47.4
2/28/2020 23:00,46.8,47.34,44.16,45.07
3/2/2020 23:00,44.01,47.87,43.63,47.06
3/3/2020 23:00,48.03,48.97,46.78,47.49
3/4/2020 23:00,47.25,48.72,46.96,47.09
3/5/2020 23:00,47.44,47.88,45.96,46.21
3/6/2020 23:00,46.4,46.69,41.36,41.59
3/9/2020 22:00,33.18,35.19,27.65,31.44
3/10/2020 22:00,30.68,35.33,30.51,34.67
3/11/2020 22:00,34.93,36.66,32.87,33.29
3/12/2020 22:00,33.38,33.94,30.33,31.81
3/13/2020 22:00,31.08,34.18,30.64,32.04
3/16/2020 22:00,34.06,34.06,28.41,29.01
3/17/2020 22:00,28.99,30.61,27.06,27.33
3/18/2020 22:00,27.3,27.6,20.52,20.83
3/19/2020 22:00,22.82,28.28,21.77,25.91
3/20/2020 22:00,25.59,28.49,22.39,22.63
3/23/2020 22:00,22.52,24.07,20.8,23.36
3/24/2020 22:00,23.87,25.16,23.09,24.01
3/25/2020 22:00,24.37,25.24,22.91,24.49
3/26/2020 22:00,24.25,24.65,22.38,22.6
3/27/2020 22:00,23.29,23.44,20.88,21.51
3/30/2020 23:00,20.93,20.93,19.27,20.09
3/31/2020 23:00,20.23,21.89,20.01,20.48
4/1/2020 23:00,20.1,21.55,19.9,20.31
4/2/2020 23:00,21.22,27.39,20.76,25.32
4/3/2020 23:00,24.81,29.13,23.52,28.74
4/6/2020 23:00,26.09,28.24,25.28,26.30
