3/22/2012 22:00,128.02,128.05,126.5,127.37
3/23/2012 22:00,127.82,130.25,127.16,128.86
3/26/2012 23:00,129.19,129.29,128.62,129.08
3/27/2012 23:00,129.2,129.73,128.52,129.33
3/28/2012 23:00,127.8,127.82,126.67,127.4
3/29/2012 23:00,127.07,127.44,124.13,124.8
3/30/2012 23:00,125.26,126.15,124.78,125.04
4/2/2012 23:00,124.52,127.49,124.06,127.24
4/3/2012 23:00,126.82,127.18,125.59,126.02
4/4/2012 23:00,124.63,125.12,123.08,123.53
4/5/2012 23:00,123.51,125.4,123.42,125.29
4/9/2012 23:00,123.6,124.54,122.81,124.45
4/10/2012 23:00,124.28,124.96,122.68,123.12
4/11/2012 23:00,123.34,125.13,123.18,124.66
4/12/2012 23:00,124.8,126.24,124.64,125.69
4/13/2012 23:00,125.41,125.57,124.61,124.84
4/16/2012 23:00,124.96,125.37,123.8,124.92
4/17/2012 23:00,126,127.07,125.99,126.22
4/18/2012 23:00,125.71,126.11,124.19,124.67
4/19/2012 23:00,124.4,124.93,123.69,124.38
4/20/2012 23:00,125.41,126.24,124.88,125.39
4/23/2012 23:00,124.21,124.7,123.38,124.65
4/24/2012 23:00,124.78,125.66,124.62,125.07
4/25/2012 23:00,125.18,126.13,124.67,125.67
4/26/2012 23:00,125.67,126.48,125.58,126.13
4/27/2012 23:00,126,126.56,125.59,126.41
4/30/2012 23:00,125.88,126.72,125.44,126.45
5/1/2012 23:00,126.31,127.99,126.14,127.74
5/2/2012 23:00,127.34,127.41,126.47,126.82
5/3/2012 23:00,126.65,126.67,123.92,124.12
5/4/2012 23:00,122.01,122.1,119.07,120.05
5/7/2012 23:00,118.96,119.75,117.97,119.43
5/8/2012 23:00,118.41,118.75,117.08,118.69
5/9/2012 23:00,117.25,118.44,116.73,118.35
5/10/2012 23:00,118.95,119.25,118.13,118.67
5/11/2012 23:00,117.26,118.76,117.24,117.59
5/14/2012 23:00,115.46,116.63,115.39,116.32
5/15/2012 23:00,116.44,116.65,115.34,115.53
5/16/2012 23:00,114.16,115.72,113.84,114.34
5/17/2012 23:00,115.29,115.31,113.65,114.1
5/18/2012 23:00,114.04,114.13,112.64,113.07
5/21/2012 23:00,113.18,114.2,113.02,114.12
5/22/2012 23:00,113.83,114.1,112.94,113.11
5/23/2012 23:00,112.75,112.8,110.54,111.06
5/24/2012 23:00,112.51,112.78,111.46,111.89
5/25/2012 23:00,111.71,112.43,111.66,112.13
5/28/2012 23:00,113.12,113.12,112.31,112.41
5/29/2012 23:00,112.47,113.47,111.51,112.01
5/30/2012 23:00,110.53,110.64,108.75,109.07
5/31/2012 23:00,108.77,109.04,107.12,107.77
6/1/2012 23:00,104.65,105.81,103.55,104.42
6/4/2012 23:00,103.51,105.35,103.51,105.21
6/5/2012 23:00,105.5,105.7,104.82,105.55
6/6/2012 23:00,106.06,107.53,106.01,106.32
6/7/2012 23:00,107.64,108.29,105.84,106.04
6/8/2012 23:00,103.55,105.42,103.54,105.35
6/11/2012 23:00,106.32,106.48,103.84,103.85
6/12/2012 23:00,103.92,104.98,103.86,104.61
6/13/2012 23:00,103.8,105.27,103.41,103.82
6/14/2012 23:00,104.19,105.21,103.63,105.1
6/15/2012 23:00,105.08,105.62,104.68,105.29
6/18/2012 23:00,103.88,105.13,103.3,104.52
6/19/2012 23:00,104.78,105.73,104.74,105.31
6/20/2012 23:00,105.15,105.18,102.26,102.43
6/21/2012 23:00,101.32,101.94,99.03,99.25
6/22/2012 23:00,99.18,101.35,99.16,100.71
6/25/2012 23:00,99.71,100.43,99.01,100.16
6/26/2012 23:00,100.03,100.66,99.34,100.32
6/27/2012 23:00,100.81,101.9,100.6,101.26
6/28/2012 23:00,101.71,101.77,98.26,98.71
6/29/2012 23:00,102.74,106.26,102.41,106
7/2/2012 23:00,104.95,105.4,103.08,104.7
7/3/2012 23:00,107.54,109.02,107.28,108.71
7/4/2012 23:00,108.08,108.3,107.81,108.03
7/5/2012 23:00,108.25,109.01,107.48,108.11
7/6/2012 23:00,105.48,106.2,105.14,105.34
7/9/2012 23:00,105.82,107.46,105.23,106.9
7/10/2012 23:00,106.68,106.73,104.66,104.9
7/11/2012 23:00,106.19,107.47,105.66,106.87
7/12/2012 23:00,105.79,107.35,105.19,107.01
7/13/2012 23:00,107.83,108.59,107.05,108.14
7/16/2012 23:00,107.88,109.46,107.82,109.4
7/17/2012 23:00,110.16,110.44,108.39,110.05
7/18/2012 23:00,109.84,111.02,109.84,110.87
7/19/2012 23:00,111.77,113.95,111.76,113.78
7/20/2012 23:00,112,112.88,111.62,112.57
7/23/2012 23:00,109.01,110.48,108.64,108.74
7/24/2012 23:00,108.38,109.79,108.36,109.21
7/25/2012 23:00,109.67,109.82,107.54,109.73
7/26/2012 23:00,111.02,111.17,109.74,110.1
7/27/2012 23:00,110.32,111.15,110.03,110.85
7/30/2012 23:00,110.52,111.04,110.03,110.5
7/31/2012 23:00,110.79,110.81,108.22,108.77
8/1/2012 23:00,109.12,110.17,108.62,109.67
8/2/2012 23:00,108.59,109.18,107.62,107.9
8/3/2012 23:00,109.01,112.44,109.01,112.1
8/6/2012 23:00,111.56,113.03,111.33,113
8/7/2012 23:00,113.24,115.12,113.17,114.36
8/8/2012 23:00,114.19,115.42,113.62,114.09
8/9/2012 23:00,114.58,114.91,113.86,114.11
8/10/2012 23:00,112.91,113.9,112.64,113.63
8/13/2012 23:00,114.5,114.84,112.75,113.46
8/14/2012 23:00,113.74,114.62,113.62,114.08
8/15/2012 23:00,113.68,115.6,113.43,115.05
8/16/2012 23:00,115.4,116.39,114.85,116.37
8/17/2012 23:00,116.31,116.98,115.81,116.69
8/20/2012 23:00,116.53,116.77,115.74,116.72
8/21/2012 23:00,117.75,118.27,117.19,117.31
8/22/2012 23:00,116.81,117.91,116.78,117.66
8/23/2012 23:00,117.86,118.34,116.17,116.65
8/24/2012 23:00,116.44,117.59,116.42,116.53
8/27/2012 23:00,117.12,117.17,114.83,115.96
8/28/2012 23:00,116.32,116.86,115.85,116.73
8/29/2012 23:00,116.31,116.79,115.18,115.92
8/30/2012 23:00,115.74,115.87,114.37,115.03
8/31/2012 23:00,116.29,117.34,115.33,116.88
9/3/2012 23:00,116.88,117.72,116.69,117.47
9/4/2012 23:00,116.97,117.19,115.39,115.76
9/5/2012 23:00,115.97,116.08,114.68,115.8
9/6/2012 23:00,116.28,118.13,115.68,116.01
9/7/2012 23:00,116.68,117.16,114.5,116.83
9/10/2012 23:00,116.71,117.01,115.76,116.95
9/11/2012 23:00,117.25,117.73,117.03,117.46
9/12/2012 23:00,117.74,117.9,116.73,117.43
9/13/2012 23:00,118.02,119,116.93,118.72
9/14/2012 23:00,119.9,120.33,118.92,119.36
9/17/2012 23:00,119.47,119.94,115.07,116.94
9/18/2012 23:00,116.41,117.04,115.57,115.69
9/19/2012 23:00,115.18,115.19,111.65,112.36
9/20/2012 23:00,112.13,112.79,111.63,112.45
9/21/2012 23:00,113.76,113.78,112.69,113
9/24/2012 23:00,111.46,112.21,111.16,112.04
9/25/2012 23:00,112.93,113.18,111.2,111.55
9/26/2012 23:00,110.34,110.74,109.05,110.03
9/27/2012 23:00,111.63,112.4,110.92,111.99
9/28/2012 23:00,111.95,112.56,111.55,112.29
10/1/2012 23:00,112.55,113.43,112.29,112.54
10/2/2012 23:00,112.83,112.85,111.93,111.99
10/3/2012 23:00,110.58,110.74,108.15,108.3
10/4/2012 23:00,109.07,111.89,108.77,111.79
10/5/2012 23:00,111.2,111.28,109.11,109.97
10/8/2012 23:00,108.63,109.99,108.61,109.53
10/9/2012 23:00,110.28,113.01,110.18,112.51
10/10/2012 23:00,112.23,113.76,111.12,111.35
10/11/2012 23:00,112.34,113.04,111.66,112.28
10/12/2012 23:00,112.4,112.74,111.26,111.93
10/15/2012 23:00,111.86,112.11,109.89,111.93
10/16/2012 23:00,112.19,112.4,111.4,112.18
10/17/2012 23:00,112.6,112.95,111.65,112.14
10/18/2012 23:00,111.58,112.65,110.78,112.08
10/19/2012 23:00,112.52,113.15,109.98,110.04
10/22/2012 23:00,110.25,110.4,108.24,108.36
10/23/2012 23:00,106.36,106.8,105.35,106.33
10/24/2012 23:00,106.19,106.49,104.6,105.42
10/25/2012 23:00,105.88,106.26,104.89,105.63
10/26/2012 23:00,105.73,106.03,105.2,105.9
10/29/2012 22:00,105.63,106,104.32,105.18
10/30/2012 22:00,105.69,105.9,105.11,105.31
10/31/2012 22:00,105.92,106.85,105.57,105.88
11/1/2012 22:00,106.11,107.08,105.75,106.72
11/2/2012 22:00,106.56,106.59,104.46,104.56
11/5/2012 23:00,104.62,105.41,104.38,105.29
11/6/2012 23:00,106.16,108.88,105.74,108.26
11/7/2012 23:00,107.19,107.2,103.71,104.16
11/8/2012 23:00,105.3,105.36,103.88,104.75
11/9/2012 23:00,104.17,106.43,104,105.75
11/12/2012 23:00,105.32,106.2,104.93,105.22
11/13/2012 23:00,104.62,105.61,104.23,105.04
11/14/2012 23:00,104.81,106.31,104.59,105.98
11/15/2012 23:00,106.22,106.49,104.34,105.12
11/16/2012 23:00,106.03,106.63,105.48,106.2
11/19/2012 23:00,107.64,109.04,107.64,108.59
11/20/2012 23:00,107.95,108.03,105.41,106
11/21/2012 23:00,106.95,107.12,105.61,106.65
11/22/2012 23:00,106.59,106.74,106.25,106.36
11/23/2012 23:00,106.56,107.77,106.51,107.5
11/26/2012 23:00,107.22,107.24,106.51,106.96
11/27/2012 23:00,107.12,107.25,106.07,106.43
11/28/2012 23:00,105.49,105.78,104.6,105.7
11/29/2012 23:00,106.93,107.93,106.86,107.28
11/30/2012 23:00,107.33,108.23,107.22,108.18
12/3/2012 23:00,108.98,109.57,107.99,108.29
12/4/2012 23:00,106.89,108.12,106.81,107.71
12/5/2012 23:00,107.61,107.81,106.7,107.11
12/6/2012 23:00,106.32,106.33,104.92,105.5
12/7/2012 23:00,105.97,105.98,105.07,105.12
12/10/2012 23:00,105.83,105.89,104.57,104.83
12/11/2012 23:00,105.04,105.19,104.45,105
12/12/2012 23:00,105.48,106.92,105.3,106.03
12/13/2012 23:00,105.5,106.21,105.05,105.14
12/14/2012 23:00,105.68,106.12,105.29,105.99
12/17/2012 23:00,106.19,106.92,105.94,106.34
12/18/2012 23:00,106.88,107.36,106.41,107.08
12/19/2012 23:00,107.38,109.06,107.19,108.73
12/20/2012 23:00,108.2,109.27,108.16,108.91
12/21/2012 23:00,107.84,108.01,106.69,107.42
12/24/2012 23:00,107.22,107.56,106.93,107.56
12/26/2012 23:00,108.03,110.03,108.03,109.78
12/27/2012 23:00,110.13,110.17,108.78,109.59
12/28/2012 23:00,109.84,110.12,109.05,109.55
12/31/2012 23:00,109.12,110.68,108.98,110.51
1/2/2013 23:00,112.32,112.6,111.31,111.83
1/3/2013 23:00,111.51,112.03,111.35,111.64
1/4/2013 23:00,111.08,111.88,110.95,111.8
1/7/2013 23:00,111.27,112.08,111.15,111.88
1/8/2013 23:00,112.18,112.47,111.4,111.94
1/9/2013 23:00,111.91,112.38,111.41,111.82
1/10/2013 23:00,113.28,113.34,112.34,112.55
1/11/2013 23:00,112.29,112.33,111.38,112.32
1/14/2013 23:00,112.66,113,111.68,112.96
1/15/2013 23:00,112.63,112.99,111.95,112.02
1/16/2013 23:00,111.95,113.09,111.94,112.97
1/17/2013 23:00,113.72,114.77,113.71,114.23
1/18/2013 23:00,114.17,114.41,113.64,114.34
1/21/2013 23:00,113.94,114.25,113.81,114.17
1/22/2013 23:00,114.37,115.17,114.25,114.97
1/23/2013 23:00,114.79,115.01,113.23,113.6
1/24/2013 23:00,114.39,114.96,114.08,114.22
1/25/2013 23:00,114.79,114.81,113.71,114.18
1/28/2013 23:00,114.95,115.09,113.75,114.72
1/29/2013 23:00,114.88,116.1,114.77,115.87
1/30/2013 23:00,115.94,116.26,115.62,116.22
1/31/2013 23:00,115.92,115.93,115.12,115.8
2/1/2013 23:00,115.8,116.43,114.79,116.05
2/4/2013 23:00,114.81,115.17,114.17,114.46
2/5/2013 23:00,115.04,115.35,114.81,114.94
2/6/2013 23:00,113.49,115.27,113.42,114.92
2/7/2013 23:00,114.89,115.49,113.82,114.12
2/8/2013 23:00,114.23,114.85,113.55,114
2/11/2013 23:00,113.62,115.37,113.44,115.29
2/12/2013 23:00,115.97,116.03,115.46,115.76
2/13/2013 23:00,116.31,116.33,114.91,115.31
2/14/2013 23:00,115.54,115.99,115.35,115.58
2/15/2013 23:00,115.14,115.14,113.49,114.22
2/18/2013 23:00,114.13,114.27,113.53,113.83
2/19/2013 23:00,114.23,115.04,113.9,114.98
2/20/2013 23:00,114.85,115.21,112.08,113.07
2/21/2013 23:00,111.44,111.5,110.5,110.65
2/22/2013 23:00,110.63,111.14,110.31,111.02
2/25/2013 23:00,111.79,111.81,110.56,110.97
2/26/2013 23:00,110.32,111.31,110.04,110.51
2/27/2013 23:00,110.22,111.24,110.05,110.67
2/28/2013 23:00,110.67,110.98,109.85,109.9
3/1/2013 23:00,108.86,108.97,107.91,108.55
3/4/2013 23:00,108.41,108.54,107.2,108
3/5/2013 23:00,108.24,108.86,107.89,108.63
3/6/2013 23:00,108.46,108.59,107.42,108.29
3/7/2013 23:00,108.94,109.6,108.76,109.4
3/8/2013 23:00,109.02,109.9,108.78,109.75
3/11/2013 22:00,109.52,110.02,108.76,109.93
3/12/2013 22:00,110.52,111.34,110.3,110.38
3/13/2013 22:00,110.87,111.27,109.78,110.33
3/14/2013 22:00,110.09,111.05,110.02,110.89
3/15/2013 22:00,111.64,111.71,110.87,111.35
3/18/2013 22:00,110.35,111.8,109.64,111.59
3/19/2013 22:00,111.58,111.77,109.93,110
3/20/2013 22:00,110.66,111.1,109.97,111.02
3/21/2013 22:00,110.74,110.88,109.34,109.98
3/22/2013 22:00,110.36,111.29,110.02,111.17
3/25/2013 22:00,111.95,113.15,111.51,112.29
3/26/2013 22:00,113.1,113.95,112.74,113.7
3/27/2013 22:00,113.42,114.34,113.09,114.12
3/28/2013 22:00,113.98,114.85,113.88,114.72
4/1/2013 23:00,114.19,114.61,113.42,114.57
4/2/2013 23:00,114.26,114.94,113.41,114.72
4/3/2013 23:00,114.24,114.4,111.8,111.99
4/4/2013 23:00,110.81,111.44,109.62,110.75
4/5/2013 23:00,109.88,110.53,109.51,110.21
4/8/2013 23:00,110.55,110.96,109.96,110.86
4/9/2013 23:00,110.98,111.98,110.36,111.68
4/10/2013 23:00,111.15,112.32,110.9,112.09
4/11/2013 23:00,111.96,112.01,110.56,110.94
4/12/2013 23:00,109.39,109.4,107.77,108.75
4/15/2013 23:00,107.16,107.32,105.36,106.24
4/16/2013 23:00,105.96,106.44,105.1,106.19
4/17/2013 23:00,105.29,105.65,103.56,104.17
4/18/2013 23:00,104.83,105.82,103.81,105.25
4/19/2013 23:00,105.68,105.82,105.04,105.49
4/22/2013 23:00,106.3,106.53,104.91,106.44
4/23/2013 23:00,105.23,106.52,105.22,106.38
4/24/2013 23:00,106.58,108.71,106.58,108.65
4/25/2013 23:00,109.08,111.09,108.33,110.87
4/26/2013 23:00,110.52,110.64,109.28,110.18
4/29/2013 23:00,110.57,111.91,110.4,111.68
4/30/2013 23:00,111.25,111.64,110.15,110.67
5/1/2013 23:00,108.72,108.8,107.33,108.22
5/2/2013 23:00,108.65,111.32,108.48,111.24
5/3/2013 23:00,112.27,113.26,112.04,112.84
5/6/2013 23:00,112.12,113.46,112.07,113.34
5/7/2013 23:00,112.76,113.48,112.14,112.84
5/8/2013 23:00,113.03,113.99,112.94,113.82
5/9/2013 23:00,113.21,113.69,112.57,113.54
5/10/2013 23:00,111.92,113.45,110.59,113.22
5/13/2013 23:00,112.68,112.9,111.69,112.34
5/14/2013 23:00,111.92,112.45,111.07,111.36
5/15/2013 23:00,110.22,111.64,109.35,111.45
5/16/2013 23:00,111.93,112.79,111.3,112.4
5/17/2013 23:00,113.08,113.67,112.2,113.22
5/20/2013 23:00,112.8,114.28,112.4,113.92
5/21/2013 23:00,113.52,113.9,112.65,113.03
5/22/2013 23:00,112.77,112.98,110.98,111.18
5/23/2013 23:00,109.77,111.28,109.14,111.07
5/24/2013 23:00,110.49,111.22,109.97,111.04
5/27/2013 23:00,110.39,110.63,110.37,110.58
5/28/2013 23:00,112.18,112.85,111.8,111.92
5/29/2013 23:00,111.28,112.15,109.97,110.04
5/30/2013 23:00,109.27,110.92,108.58,110.59
5/31/2013 23:00,109.46,110.13,108.76,108.86
6/3/2013 23:00,109.26,110.63,109.16,110.34
6/4/2013 23:00,110.17,111.34,109.31,110.26
6/5/2013 23:00,111.05,111.41,110.51,110.69
6/6/2013 23:00,111.08,112.25,111.08,111.67
6/7/2013 23:00,111.23,113.32,110.65,112.98
6/10/2013 23:00,112.26,112.9,112.12,112.73
6/11/2013 23:00,111.67,112.43,110.97,112.19
6/12/2013 23:00,112.25,113.38,112.25,112.88
6/13/2013 23:00,112.52,113.85,112.37,113.58
6/14/2013 23:00,114.36,115.18,114.32,114.77
6/17/2013 23:00,115.05,115.33,114.33,114.74
6/18/2013 23:00,114.93,115.5,114.63,115.34
6/19/2013 23:00,115.25,115.64,114.84,115.14
6/20/2013 23:00,113.21,113.21,111.71,111.75
6/21/2013 23:00,111.8,111.89,109.78,110.38
6/24/2013 23:00,110.32,112.25,109.73,111.81
6/25/2013 23:00,112.71,112.74,111.38,111.99
6/26/2013 23:00,111.75,112.26,110.34,112.15
6/27/2013 23:00,112.36,114.07,112.14,113.71
6/28/2013 23:00,113.81,114.29,113.1,113.18
7/1/2013 23:00,114.35,114.94,113.95,114.7
7/2/2013 23:00,115.34,116.53,115.1,116.08
7/3/2013 23:00,118.1,118.82,117.18,117.89
7/4/2013 23:00,117.64,117.9,117.54,117.78
7/5/2013 23:00,118.69,119.98,118.12,119.85
7/8/2013 23:00,118.99,120.23,118.93,119.78
7/9/2013 23:00,119.3,120.39,119.17,120.18
7/10/2013 23:00,122.05,123.32,121.57,123.14
7/11/2013 23:00,122.55,122.63,120.97,121.54
7/12/2013 23:00,122.22,122.73,121.44,122.59
7/15/2013 23:00,121.84,123.05,121.74,122.96
7/16/2013 23:00,123.58,123.6,122.36,122.66
7/17/2013 23:00,122.58,123.18,122.28,123.14
7/18/2013 23:00,123.57,125.07,123.54,124.68
7/19/2013 23:00,125.69,125.7,123.79,124.81
7/22/2013 23:00,125.4,125.48,123.43,123.72
7/23/2013 23:00,122.8,124.22,122.8,124.11
7/24/2013 23:00,123.31,123.83,121.67,122.32
7/25/2013 23:00,121.3,122.75,120.96,122.37
7/26/2013 23:00,121.63,122.1,120.78,121.61
7/29/2013 23:00,122.01,122.23,120.93,121.46
7/30/2013 23:00,120.47,120.83,119.55,119.97
7/31/2013 23:00,120.29,121.96,119.81,121.93
8/1/2013 23:00,123.8,124.94,123.59,124.75
8/2/2013 23:00,124.29,124.29,123.33,123.8
8/5/2013 23:00,123,123.96,122.58,123.44
8/6/2013 23:00,123.7,123.71,121.74,122.19
8/7/2013 23:00,121.99,122.41,121.03,121.25
8/8/2013 23:00,120.42,120.59,119.1,120.28
8/9/2013 23:00,120.62,123.12,120.5,122.88
8/12/2013 23:00,122.56,123.34,121.91,122.99
8/13/2013 23:00,123.33,123.89,122.44,123.65
8/14/2013 23:00,123.26,123.91,122.48,123.74
8/15/2013 23:00,124.44,124.73,123.48,124.22
8/16/2013 23:00,124.27,125,123.45,124.42
8/19/2013 23:00,123.68,124.58,123.34,123.91
8/20/2013 23:00,122.78,124.02,121.68,122.12
8/21/2013 23:00,121.48,122.12,120.55,120.93
8/22/2013 23:00,121.15,122.23,120.85,122.04
8/23/2013 23:00,121.97,123.99,121.35,123.48
8/26/2013 23:00,123.28,123.56,122.61,122.84
8/27/2013 23:00,125.29,126.37,125.29,126.05
8/28/2013 23:00,127.73,127.75,126.34,127.12
8/29/2013 23:00,126.47,127.12,125.45,125.52
8/30/2013 23:00,125.23,125.8,123.97,124.83
9/2/2013 23:00,123.93,123.99,123.51,123.87
9/3/2013 23:00,124.42,125.88,124.06,125.62
9/4/2013 23:00,125.19,125.19,123.82,124.24
9/5/2013 23:00,124.66,125.59,124.28,125.45
9/6/2013 23:00,126.31,127.75,126.29,127.59
9/9/2013 23:00,127.25,127.25,126.31,126.58
9/10/2013 23:00,124.1,124.61,123.44,124.44
9/11/2013 23:00,124.5,125.14,124,124.6
9/12/2013 23:00,125.37,126.21,124.88,125.7
9/13/2013 23:00,124.8,125.38,124.28,125.26
9/16/2013 23:00,123.6,124.43,123.15,123.62
9/17/2013 23:00,122.86,123.04,121.99,122.44
9/18/2013 23:00,122.83,125.32,122.79,125.21
9/19/2013 23:00,125.5,125.67,123.54,123.63
9/20/2013 23:00,123.22,123.84,122.38,122.74
9/23/2013 23:00,122.29,122.36,121,121.46
9/24/2013 23:00,120.68,121.1,120.18,120.98
9/25/2013 23:00,121.51,121.64,120.28,120.52
9/26/2013 23:00,120.82,121.07,120.25,120.88
9/27/2013 23:00,121.03,121.65,120.32,120.71
9/30/2013 23:00,119.44,120.26,118.93,120.19
10/1/2013 23:00,119.61,119.98,118.94,119.9
10/2/2013 23:00,119.9,122.11,119.39,121.96
10/3/2013 23:00,121.6,122.26,121,121.17
10/4/2013 23:00,121.91,122.07,121.2,121.66
10/7/2013 23:00,120.66,121.62,119.74,120.91
10/8/2013 23:00,121.55,121.96,121.22,121.4
10/9/2013 23:00,121.04,121.17,119.06,119.5
10/10/2013 23:00,119.34,121.45,119.04,120.88
10/11/2013 23:00,118.73,120.01,118.48,119.82
10/14/2013 23:00,119.22,120.5,118.94,120.27
10/15/2013 23:00,119.37,120.09,118.99,119.05
10/16/2013 23:00,118.8,120.85,118.63,120.17
10/17/2013 23:00,119.09,119.11,117.91,118.51
10/18/2013 23:00,119.43,119.63,118.45,118.77
10/21/2013 23:00,117.51,118.35,117.06,117.37
10/22/2013 23:00,117.32,117.95,115.8,115.97
10/23/2013 23:00,114.12,115.1,113.81,114.52
10/24/2013 23:00,114.21,114.89,113.6,114.77
10/25/2013 23:00,115.02,115.7,114.67,115.5
10/28/2013 22:00,115.25,116.47,115.02,116.34
10/29/2013 22:00,115.71,116.14,115.47,115.91
10/30/2013 22:00,114.98,115.15,114.24,114.37
10/31/2013 22:00,113.77,114.68,113.68,114.02
11/1/2013 22:00,113.4,113.4,112.19,112.26
11/4/2013 23:00,112.1,112.76,111.82,112.24
11/5/2013 23:00,111.82,111.95,110.72,111.05
11/6/2013 23:00,111.42,113.05,111.33,112.39
11/7/2013 23:00,111.91,112.18,111.45,111.89
11/8/2013 23:00,111.96,112.57,111.63,112.23
11/11/2013 23:00,111.94,113.03,111.82,112.79
11/12/2013 23:00,112.71,112.87,110.51,110.77
11/13/2013 23:00,110.96,112.19,110.92,111.56
11/14/2013 23:00,111.01,112.08,110.16,111.4
11/15/2013 23:00,111.56,112.2,111.23,111.47
11/18/2013 23:00,111.07,111.91,110.35,110.62
11/19/2013 23:00,110.52,111.1,110.2,110.9
11/20/2013 23:00,111.22,111.45,110.22,110.83
11/21/2013 23:00,111.08,112.6,111.08,112.31
11/22/2013 23:00,112.26,112.54,111.02,111.8
11/25/2013 23:00,110.4,111.47,110.05,111
11/26/2013 23:00,111.07,111.3,110.52,110.62
11/27/2013 23:00,109.32,109.54,108.74,109.26
11/28/2013 23:00,109.13,109.26,109.03,109.22
11/29/2013 23:00,109.62,110.87,109.56,109.75
12/2/2013 23:00,109.9,111.05,109.87,110.8
12/3/2013 23:00,110.73,113.16,110.64,113.01
12/4/2013 23:00,113.92,114.55,113.27,114.15
12/5/2013 23:00,114.45,114.96,114.07,114.36
12/6/2013 23:00,114.56,114.96,114.08,114.67
12/9/2013 23:00,114.7,114.87,114.24,114.37
12/10/2013 23:00,115.38,115.59,114.69,115.51
12/11/2013 23:00,115.23,115.4,114.17,114.44
12/12/2013 23:00,114.87,115.15,114.39,114.43
12/13/2013 23:00,113.55,114.02,113.23,113.5
12/16/2013 23:00,113.88,114.66,113.68,114.44
12/17/2013 23:00,114.58,114.85,114.02,114.17
12/18/2013 23:00,114.33,115,114.16,114.78
12/19/2013 23:00,114.67,116.19,114.55,115.77
12/20/2013 23:00,115.68,116.1,115.24,116.03
12/23/2013 23:00,115.93,116,115.37,115.63
12/24/2013 23:00,115.79,116,115.7,115.87
12/26/2013 23:00,116.03,116.4,115.91,116.25
12/27/2013 23:00,116.47,117.45,116.45,117.01
12/30/2013 23:00,116.58,116.8,115.84,115.98
12/31/2013 23:00,115.15,115.54,114.85,115.16
1/2/2014 23:00,114.27,114.36,112.04,112.19
1/3/2014 23:00,111.9,112.1,110.56,110.66
1/6/2014 23:00,110.86,110.91,109.9,110.16
1/7/2014 23:00,110.53,110.92,110.05,110.37
1/8/2014 23:00,110.42,110.47,108.96,109.02
1/9/2014 23:00,109.45,109.54,107.94,108.38
1/10/2014 23:00,109.62,109.7,108.69,109.36
1/13/2014 23:00,108.57,109.08,108.33,108.48
1/14/2014 23:00,109.05,109.58,108.66,109.22
1/15/2014 23:00,109.8,111.34,109.43,110.85
1/16/2014 23:00,110.92,111.07,110.3,110.61
1/17/2014 23:00,111.59,111.64,110.66,111.11
1/20/2014 23:00,110.77,110.84,110.23,110.61
1/21/2014 23:00,111.36,112.04,111.05,111.56
1/22/2014 23:00,112.44,113.47,112.22,113.3
1/23/2014 23:00,113.51,114.42,113.39,113.83
1/24/2014 23:00,113.79,114.07,112.83,113.28
2/3/2014 23:00,114.37,114.52,112.84,113.01
2/4/2014 23:00,113.36,114.29,113.36,113.82
2/5/2014 23:00,114.69,114.72,113.38,113.96
2/6/2014 23:00,114.9,115.41,114.02,114.42
2/7/2014 23:00,114.48,116.64,114.22,116.45
2/10/2014 23:00,116.39,117.13,116.12,116.65
2/11/2014 23:00,116.82,116.95,116.18,116.53
2/12/2014 23:00,117.5,117.96,116.62,116.96
2/13/2014 23:00,116.45,117.24,116.42,116.86
2/14/2014 23:00,116.71,116.99,116.01,116.87
2/17/2014 23:00,117.39,117.51,117.25,117.5
2/18/2014 23:00,117.89,119.06,117.79,119.05
2/19/2014 23:00,119.46,119.92,118.98,119.8
2/20/2014 23:00,119.57,119.91,119.27,119.64
2/21/2014 23:00,119.31,119.6,118.56,119.05
2/24/2014 23:00,119.65,120.32,119.01,119.68
2/25/2014 23:00,118.51,118.83,117.89,118.73
2/26/2014 23:00,119.2,119.77,118.99,119.49
2/27/2014 23:00,119.8,119.81,118.62,119.25
2/28/2014 23:00,119.05,119.83,118.67,119.45
3/3/2014 23:00,121.42,122.09,120.77,121.87
3/4/2014 23:00,120.83,120.84,119.72,120.21
3/5/2014 23:00,119.94,120.09,118.09,118.35
3/6/2014 23:00,117.87,118.51,117,118.41
3/7/2014 23:00,118.95,119.78,118.68,119.41
3/10/2014 22:00,117.93,118.42,117.72,117.94
3/11/2014 22:00,117.81,117.95,116.75,116.86
3/12/2014 22:00,115.21,116.01,114.42,114.86
3/13/2014 22:00,114.97,115.31,114.54,115.14
3/14/2014 22:00,115.76,116.15,115.14,115.78
3/17/2014 22:00,115.23,115.56,114.24,114.92
3/18/2014 22:00,115.22,116.38,115.04,116.26
3/19/2014 22:00,116.35,116.63,115.73,116.56
3/20/2014 22:00,115.88,116.85,115.49,116.27
3/21/2014 22:00,116.67,117.65,116.51,116.88
3/24/2014 22:00,117.49,117.69,116.74,116.97
3/25/2014 22:00,117.4,117.65,116.2,116.58
3/26/2014 22:00,117.05,117.79,116.88,117.64
3/27/2014 22:00,118.54,119.1,118.51,118.64
3/28/2014 22:00,119.28,119.64,118.8,119.07
3/31/2014 23:00,119.04,119.37,118.28,118.97
4/1/2014 23:00,118.59,118.82,116.95,117.09
4/2/2014 23:00,116.73,117.14,116.26,117.03
4/3/2014 23:00,116.75,117.74,116.61,117.69
4/4/2014 23:00,118.45,119.03,118.37,118.54
4/7/2014 23:00,117.71,118.72,117.32,117.84
4/8/2014 23:00,118.65,120.02,118.19,119.98
4/9/2014 23:00,119.95,121.17,119.77,120.98
4/10/2014 23:00,120.74,121.06,120.5,120.78
4/11/2014 23:00,120.91,121.84,120.69,121.07
4/14/2014 23:00,121.19,121.57,120.74,121.45
4/15/2014 23:00,120.46,121.45,120.42,121.08
4/16/2014 23:00,122.08,122.22,120.52,121.13
4/17/2014 23:00,121.36,122.18,121.2,121.71
4/21/2014 23:00,121.55,122.1,121.45,121.92
4/22/2014 23:00,120.83,120.97,119.78,119.94
4/23/2014 23:00,119.79,120.35,119.58,119.74
4/24/2014 23:00,119.9,120.62,119.89,120.22
4/25/2014 23:00,119.64,119.66,118.75,118.85
4/28/2014 23:00,119.44,119.63,118.6,119.12
4/29/2014 23:00,119.52,120.47,119.14,119.54
4/30/2014 23:00,118.62,118.65,117.62,118.05
5/1/2014 23:00,117.13,118.16,117.07,117.68
5/2/2014 23:00,118.02,118.41,117.54,118.08
5/5/2014 23:00,118.32,118.33,117.18,117.73
5/6/2014 23:00,117.81,118.69,117.73,117.79
5/7/2014 23:00,118.52,119.26,118.06,119.04
5/8/2014 23:00,118.49,118.71,118.14,118.51
5/9/2014 23:00,119.15,119.41,117.98,118.29
5/12/2014 23:00,118.68,119.2,118.63,118.87
5/13/2014 23:00,119.6,120.07,119.12,120
5/14/2014 23:00,120.34,120.92,120.2,120.61
5/15/2014 23:00,120.33,120.4,119.54,119.73
5/16/2014 23:00,120.1,120.45,119.88,120.24
5/19/2014 23:00,120.94,121.17,120.61,120.82
5/20/2014 23:00,120.79,121.12,120.37,120.99
5/21/2014 23:00,121.73,122.97,121.73,122.71
5/22/2014 23:00,122.67,122.9,122.23,122.41
5/23/2014 23:00,122.72,123.18,122.57,123.04
5/26/2014 23:00,122.8,122.95,122.78,122.86
5/27/2014 23:00,122.98,123.05,122.25,122.81
5/28/2014 23:00,122.69,122.75,121.35,121.39
5/29/2014 23:00,121.72,122.62,121.55,122.28
5/30/2014 23:00,121.58,121.73,121.08,121.43
6/2/2014 23:00,121.36,121.45,120.78,121.11
6/3/2014 23:00,121.22,121.47,120.95,121.36
6/4/2014 23:00,121.86,122.37,121.21,121.3
6/5/2014 23:00,120.91,121.37,120.28,121.19
6/6/2014 23:00,121.62,121.75,120.98,121.35
6/9/2014 23:00,122.28,123.15,122.15,123.12
6/10/2014 23:00,123.36,123.74,122.66,123.06
6/11/2014 23:00,123.08,123.49,122.85,123.07
6/12/2014 23:00,124.93,125.24,124.36,125.22
6/13/2014 23:00,125.36,125.9,125.05,125.52
6/16/2014 23:00,125.63,125.82,125.29,125.56
6/17/2014 23:00,125.11,125.86,124.79,124.96
6/18/2014 23:00,125.39,125.48,124.54,124.79
6/19/2014 23:00,124.63,125.57,124.29,125.23
6/20/2014 23:00,125.66,126.11,125.47,126
6/23/2014 23:00,125.68,126.02,125.09,125.36
6/24/2014 23:00,125.39,125.64,124.89,125.19
6/25/2014 23:00,125.34,125.74,124.65,125.68
6/26/2014 23:00,125.38,125.46,124.21,124.98
6/27/2014 23:00,125.27,125.34,124.51,124.94
6/30/2014 23:00,124.55,124.92,123.84,124.55
7/1/2014 23:00,125.04,125.27,123.78,124.54
7/2/2014 23:00,124.07,124.71,123.45,123.66
7/3/2014 23:00,123.24,123.34,122.85,123.24
7/4/2014 23:00,122.93,123.06,122.88,122.95
7/7/2014 23:00,123.18,123.19,122.37,122.67
7/8/2014 23:00,122.69,123.38,122.19,122.54
7/9/2014 23:00,122.04,122.09,121.18,121.42
7/10/2014 23:00,121.24,122.16,121.04,122.1
7/11/2014 23:00,121.44,121.44,119.62,119.97
7/14/2014 23:00,119.93,120.21,119.4,120.18
7/15/2014 23:00,119.25,119.27,118.19,119.04
7/16/2014 23:00,119.87,120.57,119.58,120.36
7/17/2014 23:00,122.13,122.47,121.07,122.33
7/18/2014 23:00,122.25,122.47,121.85,122.1
7/21/2014 23:00,122.14,123.07,122.04,123.05
7/22/2014 23:00,122.89,122.97,122.27,122.39
7/23/2014 23:00,122.7,123.48,122.6,123.26
7/24/2014 23:00,123.17,123.31,122.15,122.2
7/25/2014 23:00,121.68,122.67,121.14,122.24
7/28/2014 23:00,121.37,122.2,121.04,121.82
7/29/2014 23:00,120.84,121.4,120.51,121.05
7/30/2014 23:00,121.63,121.81,120.04,120.41
7/31/2014 23:00,119.87,119.99,118.25,118.36
8/1/2014 23:00,117.82,118.09,117.23,117.99
8/4/2014 23:00,117.68,118.58,117.66,118.41
8/5/2014 23:00,118.28,118.31,117.14,117.47
8/6/2014 23:00,117.67,118.27,116.83,117.09
8/7/2014 23:00,117.34,117.62,116.79,117.48
8/8/2014 23:00,117.96,118.03,117.29,117.75
8/11/2014 23:00,117.87,118.72,117.6,118.22
8/12/2014 23:00,117.39,117.88,116.95,117.49
8/13/2014 23:00,117.67,117.92,116.89,117.7
8/14/2014 23:00,117.5,117.52,115.42,115.68
8/15/2014 23:00,115.86,117.55,115.86,117.45
8/18/2014 23:00,116.75,116.77,115.64,115.99
8/19/2014 23:00,116.27,116.32,114.84,115.05
8/20/2014 23:00,115.37,115.8,115.14,115.62
8/21/2014 23:00,115.24,116.67,115.2,116.18
8/22/2014 23:00,115.73,116.06,115.14,115.83
8/25/2014 23:00,115.9,115.95,115.27,115.57
8/26/2014 23:00,115.88,116.57,115.57,116.07
8/27/2014 23:00,116.21,116.44,115.58,116.11
8/28/2014 23:00,116.32,116.93,116.08,116.73
8/29/2014 23:00,117.34,118.22,117.26,118.15
9/1/2014 23:00,117.95,118.1,117.74,118.08
9/2/2014 23:00,117.21,117.21,114.9,115.13
9/3/2014 23:00,116.15,118.05,116,117.72
9/4/2014 23:00,116.58,117.5,116.38,116.73
9/5/2014 23:00,116.31,116.8,115.08,115.54
9/8/2014 23:00,114.38,114.91,114.02,114.86
9/9/2014 23:00,115.77,115.9,114.74,114.95
9/10/2014 23:00,114.62,114.75,113.44,113.93
9/11/2014 23:00,113,115.21,112.96,115.11
9/12/2014 23:00,115.07,115.67,114.37,114.4
9/15/2014 23:00,113.52,115.19,113.51,115.11
9/16/2014 23:00,115.21,117.41,115.14,117.13
9/17/2014 23:00,116.83,117.25,115.96,116.55
9/18/2014 23:00,116.82,116.99,115.2,115.38
9/19/2014 23:00,115.3,115.63,114.54,115.06
9/22/2014 23:00,115.14,115.21,113.8,114.22
9/23/2014 23:00,114.95,115.48,114.16,114.94
9/24/2014 23:00,114.8,116.34,114.51,116.25
9/25/2014 23:00,116.72,116.85,115.44,115.88
9/26/2014 23:00,116.19,117.25,115.95,116.94
9/29/2014 23:00,116.52,118.03,116.24,117.92
9/30/2014 23:00,117.88,118.24,114.25,114.55
10/1/2014 23:00,115.24,116.35,113.86,114.14
10/2/2014 23:00,112.67,114.71,112.65,114.42
10/3/2014 23:00,114.08,114.43,112.75,113.15
10/6/2014 23:00,113.32,113.8,112.15,113.73
10/7/2014 23:00,113.39,113.66,112.18,112.25
10/8/2014 23:00,111.22,111.33,110.22,110.69
10/9/2014 23:00,110.2,110.36,108.99,109.15
10/10/2014 23:00,107.77,109.68,107.68,109.26
10/13/2014 23:00,107.86,109.26,107.59,109.12
10/14/2014 23:00,108.53,108.62,105.06,105.22
10/15/2014 23:00,103.97,105.83,103.94,105.22
10/16/2014 23:00,103.95,108.22,103.64,105.95
10/17/2014 23:00,106.95,107.52,105.91,106.26
10/20/2014 23:00,106.66,106.78,104.94,106.13
10/21/2014 23:00,106.54,107.42,105.73,106.64
10/22/2014 23:00,107.01,107.31,104.58,104.68
10/23/2014 23:00,105.21,106.53,105.16,106.21
10/24/2014 23:00,105.25,105.56,104.52,105.19
10/27/2014 22:00,104.22,105.26,103.6,105.09
10/28/2014 22:00,105.47,105.64,104.68,105.51
10/29/2014 22:00,106.73,107.04,105.85,106.4
10/30/2014 22:00,105.88,105.91,104.96,105.22
10/31/2014 22:00,103.89,104.84,103.71,104.69
11/3/2014 23:00,104.98,105.1,102.77,102.93
11/4/2014 23:00,101.28,101.82,100.29,101.3
11/5/2014 23:00,101.88,103.51,101.38,102.87
11/6/2014 23:00,101.98,102.41,101.28,102.02
11/7/2014 23:00,102.74,103.57,102.38,102.87
11/10/2014 23:00,103.34,103.67,101.47,101.59
11/11/2014 23:00,101.61,102.2,100.62,102.03
11/12/2014 23:00,101.6,102.24,101.02,101.32
11/13/2014 23:00,100.32,100.56,98.23,98.31
11/14/2014 23:00,98.86,100.08,98.67,100.06
11/17/2014 23:00,99.21,99.94,98.94,99.8
11/18/2014 23:00,99.42,99.5,98.4,98.73
11/19/2014 23:00,99.09,99.56,98.17,98.59
11/20/2014 23:00,98.92,100.04,98.81,99.96
11/21/2014 23:00,101.17,101.29,99.76,100.68
11/24/2014 23:00,100.33,101.16,99.84,99.89
11/25/2014 23:00,100.04,100.72,98.18,98.23
11/26/2014 23:00,97.62,98.39,97.52,97.89
11/27/2014 23:00,96.76,96.89,91.89,93.19
11/28/2014 23:00,93.29,93.73,89.83,90.13
12/1/2014 23:00,90.44,93.3,90.39,93.16
12/2/2014 23:00,92.25,92.86,90.81,91.11
12/3/2014 23:00,91.63,92.37,90.94,91.44
12/4/2014 23:00,90.59,91.33,90.23,90.89
12/5/2014 23:00,90.45,90.68,89.31,90.02
12/8/2014 23:00,88.69,88.9,86.92,87.24
12/9/2014 23:00,87.72,88.22,86.68,87.89
12/10/2014 23:00,86.56,86.58,84.57,85.11
12/11/2014 23:00,84.37,85.66,83.99,84.16
12/12/2014 23:00,82.64,83.02,81.48,81.94
12/15/2014 23:00,82.1,82.19,79.92,80.1
12/16/2014 23:00,78.22,81.29,78.04,80.01
12/17/2014 23:00,78.76,83.06,78.62,80.54
12/18/2014 23:00,81.8,81.8,78.07,78.23
12/19/2014 23:00,79.49,81,79.1,80.89
12/22/2014 23:00,80.02,80.34,78.92,79.17
12/23/2014 23:00,79.79,80.99,78.85,80.88
12/24/2014 23:00,79.74,79.95,78.86,79.64
12/26/2014 23:00,80.31,80.32,78.3,78.53
12/29/2014 23:00,79.38,79.39,76.69,77.47
12/30/2014 23:00,77.01,78.11,76.94,77.89
12/31/2014 23:00,76.34,77.5,76.23,77.28
1/2/2015 23:00,76.16,77.59,75.95,76.36
1/5/2015 23:00,74.47,74.97,73.71,73.82
1/6/2015 23:00,72.51,73.25,71.34,71.81
1/7/2015 23:00,72.11,73.1,71.51,72.49
1/8/2015 23:00,72.79,72.98,71.52,72.6
1/9/2015 23:00,72.34,72.64,70.95,72.19
1/12/2015 23:00,70.38,70.63,69.69,69.86
1/13/2015 23:00,68.61,69.97,68.57,69.71
1/14/2015 23:00,69.29,72.51,69.29,72.34
1/15/2015 23:00,74.09,74.1,69.94,70.15
1/16/2015 23:00,70.63,72.71,70.45,72.31
1/19/2015 19:00,71.71,71.86,71.17,71.26
1/20/2015 23:00,70.67,71.07,69.71,69.88
1/21/2015 23:00,70.64,71.57,70.42,71.15
1/22/2015 23:00,70.94,71.3,69.24,69.75
1/23/2015 23:00,69.24,70.09,68.72,68.93
1/26/2015 23:00,69.23,69.78,68.45,68.55
1/27/2015 23:00,68.78,69.92,68.39,69.58
1/28/2015 23:00,68.57,69.07,67.45,67.9
1/29/2015 23:00,68.08,68.33,66.95,67.96
1/30/2015 23:00,67.92,71.72,67.68,71.54
2/2/2015 23:00,72.24,73.21,71.29,72.93
2/3/2015 23:00,74.48,77.61,73.71,76.4
2/4/2015 23:00,74.66,74.75,71.32,71.81
2/5/2015 23:00,72.76,75.47,72.4,73.84
2/6/2015 23:00,75.65,76.53,74.31,75.04
2/9/2015 23:00,75.72,77.36,75.71,76.36
2/10/2015 23:00,75.66,75.91,73.23,73.43
2/11/2015 23:00,72.83,73.37,71.42,72.24
2/12/2015 23:00,73.12,74.82,73.05,74.56
2/13/2015 23:00,76.15,76.8,75.37,76.04
2/16/2015 19:00,76.33,76.54,76.02,76.15
2/17/2015 23:00,75.77,77.52,74.18,76.91
2/18/2015 23:00,75.73,76.49,75.09,75.33
2/19/2015 23:00,72.75,75.28,72.38,74.38
2/20/2015 23:00,74.68,74.72,73.28,73.4
2/23/2015 23:00,71.36,73.12,71.28,72.12
2/24/2015 23:00,72.62,72.89,71.78,71.82
2/25/2015 23:00,72.25,73.66,70.99,73.57
2/26/2015 23:00,72.08,72.71,70.36,70.85
2/27/2015 23:00,71.52,72.5,71.02,72.16
3/2/2015 23:00,71.76,73.6,71.48,72.16
3/3/2015 23:00,72.4,73.34,72.01,73
3/4/2015 23:00,73.31,74.51,72.16,74.06
3/5/2015 23:00,73.8,74.54,73.17,73.33
3/6/2015 23:00,73,73.06,71.44,72.18
3/9/2015 22:00,72.05,73.35,71.89,72.51
3/10/2015 22:00,72.14,72.29,70.76,70.97
3/11/2015 22:00,71.32,71.48,69.89,70.63
3/12/2015 22:00,70.92,71.16,69.42,69.68
3/13/2015 22:00,68.69,68.85,67.31,67.46
3/16/2015 22:00,66.65,67.04,65.41,66.5
3/17/2015 22:00,65.67,66.76,65.45,65.95
3/18/2015 22:00,64.83,67.39,64.64,67.28
3/19/2015 22:00,65.78,66.69,65.38,66.11
3/20/2015 22:00,66.33,68.04,66.3,67.2
3/23/2015 22:00,66.57,68.22,66.4,68.05
3/24/2015 22:00,68.79,68.88,67.75,68.14
3/25/2015 22:00,68.41,70.07,67.99,69.8
3/26/2015 22:00,71.05,72.26,70.42,72.04
3/27/2015 22:00,71.41,71.61,69.39,69.48
3/30/2015 23:00,68.84,69.77,68.22,69.26
3/31/2015 23:00,68.61,69.28,68.08,68.33
4/1/2015 23:00,68.26,71.06,68.18,70.62
4/2/2015 23:00,69.56,70.51,68.72,69.71
4/6/2015 23:00,70.99,72.83,70.5,72.72
4/7/2015 23:00,71.82,74.68,71.78,74.57
4/8/2015 23:00,73.43,73.47,70.98,71.05
4/9/2015 23:00,71.66,72.68,71.21,71.42
4/10/2015 23:00,71.08,72.54,71.08,72.25
4/13/2015 23:00,73.46,73.66,72.13,72.53
4/14/2015 23:00,72.95,74.33,72.94,73.92
4/15/2015 23:00,74.75,77.3,74.21,76.86
4/16/2015 23:00,75.91,78.03,75.81,77.32
4/17/2015 23:00,76.97,77.57,76.08,76.55
4/20/2015 23:00,76.04,77.86,76.02,77.08
4/21/2015 23:00,77.01,77.28,75.34,75.85
4/22/2015 23:00,75.88,76.42,75.25,75.43
4/23/2015 23:00,75.91,77.64,75.81,76.89
4/24/2015 23:00,76.91,76.95,75.73,76.41
4/27/2015 23:00,76.32,77.12,75.75,76.22
4/28/2015 23:00,76.27,77.06,76,76.28
4/29/2015 23:00,76.24,78.56,76.02,77.75
4/30/2015 23:00,78.39,79.01,77.65,78.77
5/1/2015 23:00,78.31,78.57,77.55,78.34
5/4/2015 23:00,78.91,78.96,77.68,78.15
5/5/2015 23:00,79.61,80.33,79.44,79.61
5/6/2015 23:00,81.17,81.81,79.77,80.17
5/7/2015 23:00,79.93,80.09,77.72,78.21
5/8/2015 23:00,78.9,79.13,77.37,78.65
5/11/2015 23:00,78.59,79.08,77.98,78.47
5/12/2015 23:00,79.33,80.38,78.71,79.96
5/13/2015 23:00,80.84,81.08,79.67,79.7
5/14/2015 23:00,79.54,80.07,78.59,79.11
5/15/2015 23:00,78.33,78.94,77.56,78.77
5/18/2015 23:00,79.23,79.23,78.09,78.52
5/19/2015 23:00,77.24,77.5,76.17,76.23
5/20/2015 23:00,76.88,77.28,76.4,77.21
5/21/2015 23:00,77.94,79.18,77.92,78.94
5/22/2015 23:00,78.05,78.38,77.59,77.9
5/25/2015 19:00,77.68,78.49,77.47,78.06
5/26/2015 23:00,76.89,77.12,75.95,76.28
5/27/2015 23:00,75.9,76.61,75.64,75.82
5/28/2015 23:00,75.42,76.01,74.75,75.93
5/29/2015 23:00,76.07,78.94,75.96,78.5
6/1/2015 23:00,77.87,78.88,77.57,78.48
6/2/2015 23:00,78.88,79.82,78.64,79.52
6/3/2015 23:00,78.45,79.67,77.58,77.93
6/4/2015 23:00,77.49,77.54,76.07,76.24
6/5/2015 23:00,76.26,77.44,75.07,77.37
6/8/2015 23:00,76.87,77.14,76.1,76.4
6/9/2015 23:00,77.75,78.62,77.65,78.36
6/10/2015 23:00,79.6,80.06,78.72,79.61
6/11/2015 23:00,79.23,79.48,78.45,78.98
6/12/2015 23:00,78.21,78.68,77.97,78.17
6/15/2015 23:00,77.18,78.04,76.97,77.79
6/16/2015 23:00,77.89,78.43,77.66,78.24
6/17/2015 23:00,79.18,79.41,77.09,78.01
6/18/2015 23:00,78.52,78.85,77.98,78.61
6/19/2015 23:00,77.67,77.93,77.07,77.82
6/22/2015 23:00,77.87,78.25,77.1,78.2
6/23/2015 23:00,77.73,79.25,77.38,78.85
6/24/2015 23:00,78.85,79.33,77.63,78.05
6/25/2015 23:00,77.9,77.95,77.26,77.56
6/26/2015 23:00,76.82,77.79,76.59,77.5
6/29/2015 23:00,76.46,76.71,76.07,76.15
6/30/2015 23:00,76.57,77.52,76.35,77.27
7/1/2015 23:00,76.56,76.57,74.65,74.77
7/2/2015 23:00,75.2,75.78,74.7,74.76
7/3/2015 19:00,74.54,74.62,73.24,73.35
7/6/2015 23:00,72.35,72.56,70.25,70.31
7/7/2015 23:00,70.42,70.54,68.41,70.18
7/8/2015 23:00,70.12,70.66,68.74,69.45
7/9/2015 23:00,71.05,71.27,70.12,70.61
7/10/2015 23:00,70.61,70.96,69.79,70.6
7/13/2015 23:00,69.99,71,69.54,70.01
7/14/2015 23:00,69.73,71.16,69.45,70.89
7/15/2015 23:00,70.49,70.7,69.19,69.23
7/16/2015 23:00,69.45,69.88,68.69,68.74
7/17/2015 23:00,68.29,69.01,68.02,68.72
7/20/2015 23:00,68.46,68.6,67.73,67.92
7/21/2015 23:00,68.12,68.93,67.99,68.39
7/22/2015 23:00,67.7,68.1,66.58,66.78
7/23/2015 23:00,66.88,67.15,65.73,65.96
7/24/2015 23:00,66.34,66.47,65.24,65.65
7/27/2015 23:00,64.95,65.38,64.81,64.94
7/28/2015 23:00,64.98,65.96,64.58,65.48
7/29/2015 23:00,65.1,67.04,65.02,66.29
7/30/2015 23:00,66.7,66.8,65.86,66.04
7/31/2015 23:00,65.33,66.14,64.44,64.63
8/3/2015 23:00,63.77,64.08,62.6,62.77
8/4/2015 23:00,63.47,63.75,62.95,63.28
8/5/2015 23:00,63.81,64.22,62.35,62.63
8/6/2015 23:00,62.21,62.36,61.72,62.18
8/7/2015 23:00,61.85,62,61.32,61.4
8/10/2015 23:00,61.44,62.52,61.06,62.47
8/11/2015 23:00,61.26,61.32,60.21,60.64
8/12/2015 23:00,61.09,61.36,60.42,60.75
8/13/2015 23:00,60.35,60.5,59.43,59.77
8/14/2015 23:00,59.94,60.48,59.77,59.98
8/17/2015 23:00,59.33,60.21,59.19,59.33
8/18/2015 23:00,59.38,60.39,59.24,60.09
8/19/2015 23:00,59.88,59.88,57.96,58.26
8/20/2015 23:00,58.15,58.82,57.93,58.27
8/21/2015 23:00,57.76,58.41,56.87,57.45
8/24/2015 23:00,55.85,56.51,54.76,55.26
8/25/2015 23:00,56.65,56.9,55.87,56.32
8/26/2015 23:00,56.63,56.68,55.53,55.69
8/27/2015 23:00,57.17,59.76,56.82,59.48
8/28/2015 23:00,59.04,62.91,58.83,62.21
8/31/2015 23:00,61.04,66.31,60.61,66.2
9/1/2015 23:00,63.99,64.7,62.23,62.42
9/2/2015 23:00,62.11,63.37,60.22,63.31
9/3/2015 23:00,63.06,65.43,62.93,63.75
9/4/2015 23:00,63.16,63.86,62.77,62.98
9/7/2015 19:00,62.49,62.49,61.24,61.26
9/8/2015 23:00,62.58,63.42,61.53,62.85
9/9/2015 23:00,62.62,62.97,61.1,61.17
9/10/2015 23:00,61.31,63.05,61.2,62.86
9/11/2015 23:00,61.69,62.48,61.17,61.77
9/14/2015 23:00,61.36,61.42,60.6,61.08
9/15/2015 23:00,61.42,62.04,60.93,61.6
9/16/2015 23:00,62.66,64.36,62.43,64.15
9/17/2015 23:00,63.8,64.72,63.5,63.93
9/18/2015 23:00,62.82,63.07,61.33,61.77
9/21/2015 23:00,62.94,63.76,62.58,63.68
9/22/2015 23:00,62.32,63.24,62.13,63.05
9/23/2015 23:00,63.06,63.89,61.15,61.27
9/24/2015 23:00,60.8,61.91,60.68,61.68
9/25/2015 23:00,62.1,63.12,61.9,62.47
9/28/2015 23:00,61.58,62.07,61.04,61.21
9/29/2015 23:00,62.03,62.44,61.45,61.98
9/30/2015 23:00,61.69,62.59,61.47,61.89
10/1/2015 23:00,62.82,63.84,61.37,61.49
10/2/2015 23:00,61.66,62.55,60.71,62.29
10/5/2015 23:00,62.64,63.68,62.64,63.02
10/6/2015 23:00,63.42,65.37,63.2,65.27
10/7/2015 23:00,65.88,66.42,64.49,64.59
10/8/2015 23:00,65.03,66.81,64.7,66.19
10/9/2015 23:00,66.89,67.02,65.91,66.41
10/16/2015 23:00,63.58,64.16,62.83,63.91
10/19/2015 23:00,62.92,63.22,62.41,62.46
10/20/2015 23:00,62.75,63.12,61.91,62.5
10/21/2015 23:00,61.63,62.08,61.05,61.41
10/22/2015 23:00,61.99,62.29,61.09,61.58
10/23/2015 23:00,61.24,61.26,60.39,60.78
10/26/2015 22:00,60.53,60.69,60.03,60.22
10/27/2015 22:00,59.27,59.54,58.77,59.41
10/28/2015 22:00,59.75,62.2,59.73,62.13
10/29/2015 22:00,62.38,62.98,61.82,62.22
10/30/2015 22:00,62.39,63.22,61.8,62.79
11/2/2015 23:00,62.2,62.92,62.03,62.31
11/3/2015 23:00,63.15,64.55,62.97,64.13
11/4/2015 23:00,63.88,64.04,62.36,62.51
11/5/2015 23:00,62.49,62.64,61.31,61.45
11/6/2015 23:00,60.92,61.17,60.3,60.51
11/9/2015 23:00,60.26,60.7,59.83,60.06
11/10/2015 23:00,59.96,60.95,59.76,60.43
11/11/2015 23:00,59.82,60.3,58.81,59.15
11/12/2015 23:00,58.44,59.05,57.82,57.97
11/13/2015 23:00,57.45,57.78,56.41,56.87
11/16/2015 23:00,56.95,58.44,56.25,57.88
11/17/2015 23:00,57.87,57.95,56.77,56.93
11/18/2015 23:00,57.51,57.64,56.42,57.09
11/19/2015 23:00,56.66,57.1,56.48,56.92
11/20/2015 23:00,56.75,57.9,56.55,57.04
11/23/2015 23:00,56.28,57.76,56.23,56.92
11/24/2015 23:00,57.53,58.6,57.51,58.05
11/25/2015 23:00,57.19,58.37,56.86,58.14
11/26/2015 19:00,57.87,57.98,57.43,57.65
11/27/2015 19:45,57.23,57.39,56.81,56.91
11/30/2015 23:00,57.52,57.75,56.66,56.78
12/1/2015 23:00,56.38,57.37,56.33,56.92
12/2/2015 23:00,56.17,57.11,54.98,55.08
12/3/2015 23:00,55.79,56.92,55.24,56.24
12/4/2015 23:00,55.52,55.83,54.74,55.14
12/7/2015 23:00,53.76,54.03,52.64,52.77
12/8/2015 23:00,51.85,53.72,51.78,52.66
12/9/2015 23:00,52.74,54.13,52.01,52.32
12/10/2015 23:00,51.88,52.42,51.66,51.94
12/11/2015 23:00,51.38,51.71,50.49,50.75
12/14/2015 23:00,50.43,51.84,50.22,51.49
12/15/2015 23:00,51.6,53.02,51.56,52.46
12/16/2015 23:00,52.06,52.12,50.43,50.69
12/17/2015 23:00,50.73,50.93,49.86,50.17
12/18/2015 23:00,49.77,50.82,49.56,49.91
12/21/2015 23:00,49.58,49.98,49.23,49.67
12/22/2015 23:00,49.85,50.42,49.54,50.02
12/23/2015 23:00,50.58,51.67,50.57,51.38
12/24/2015 19:15,51.68,52.16,51.6,52
12/28/2015 23:00,50.99,51.17,50.54,50.73
12/29/2015 23:00,51.42,51.82,51.36,51.77
12/30/2015 23:00,50.92,51.05,50.28,50.48
12/31/2015 23:00,50.13,51.67,50.11,51.01
1/4/2016 23:00,51.45,52.27,50.21,50.69
1/5/2016 23:00,50.67,50.71,49.73,49.85
1/6/2016 23:00,48.7,49.03,47.65,47.84
1/7/2016 23:00,46.84,48.14,46.7,47.17
1/8/2016 23:00,47.25,47.62,46.52,47.04
1/11/2016 23:00,46.53,46.71,44.76,45.28
1/12/2016 23:00,45.9,46.09,43.81,44.31
1/13/2016 23:00,45.17,45.59,43.98,44.32
1/14/2016 23:00,44.63,45.65,44.55,45.11
1/15/2016 23:00,43.56,43.84,43.01,43.32
1/18/2016 19:00,43.17,43.36,42.77,42.88
1/19/2016 23:00,43.48,43.54,42.31,42.52
1/20/2016 23:00,41.97,42.09,40.46,41.24
1/21/2016 23:00,41.03,43.15,40.83,42.44
1/22/2016 23:00,43.75,45.25,43.73,44.99
1/25/2016 23:00,43.73,44.63,43.14,43.28
1/26/2016 23:00,43.63,45.31,43.34,44.3
1/27/2016 23:00,43.64,45.74,43.5,45.21
1/28/2016 23:00,46.29,47.72,45.66,46.12
1/29/2016 23:00,46.7,47.3,45.55,46.57
2/1/2016 23:00,45.14,45.56,44.19,44.52
2/2/2016 23:00,43.11,43.58,42.71,42.8
2/3/2016 23:00,43.61,45.21,42.64,45.19
2/4/2016 23:00,45.15,46.5,44.43,44.54
2/5/2016 23:00,44.32,45.03,43.71,43.73
2/8/2016 23:00,43.13,43.61,42.55,42.61
2/9/2016 23:00,42.51,43.09,40.64,40.87
2/10/2016 23:00,40.9,42.12,40.17,40.44
2/11/2016 23:00,39.6,40.2,39.04,39.04
2/12/2016 23:00,40.54,42.56,40.32,42.23
2/15/2016 19:00,42.59,42.79,42.5,42.66
2/16/2016 23:00,42.42,42.64,41.6,41.95
2/17/2016 23:00,42.7,44.03,42.29,43.56
2/18/2016 23:00,44.75,44.89,43.4,43.54
2/19/2016 23:00,42.65,42.93,42.02,42.42
2/22/2016 23:00,44.21,44.52,43.86,44.11
2/23/2016 23:00,44.01,44.03,42.31,42.48
2/24/2016 23:00,41.59,43.04,41.24,42.89
2/25/2016 23:00,42.47,44.17,41.75,43.78
2/26/2016 23:00,44.88,45.37,43.34,43.43
2/29/2016 23:00,43.99,44.66,43.62,44.5
3/1/2016 23:00,44.9,45.44,44.05,45.07
3/2/2016 23:00,44.68,45.85,44.24,45.25
3/3/2016 23:00,45.03,46,44.87,45.25
3/4/2016 23:00,45.43,46.67,45.14,46.6
3/7/2016 23:00,46.79,48.79,46.79,48.58
3/8/2016 23:00,48.78,48.85,47.14,47.16
3/9/2016 23:00,47.8,49.19,47.69,48.91
3/10/2016 23:00,48.78,49.06,47.89,48.46
3/11/2016 23:00,49.16,49.7,48.82,49.18
3/14/2016 22:00,48.08,48.22,47.36,47.87
3/15/2016 22:00,46.87,47.45,46.64,47
3/16/2016 22:00,47.61,49.25,47.57,49.2
3/17/2016 22:00,49.64,50.89,49.56,50.84
3/18/2016 22:00,51.52,51.67,50.25,50.34
3/21/2016 22:00,50.47,50.98,49.97,50.75
3/22/2016 22:00,50.42,51.08,49.95,50.63
3/23/2016 22:00,50.05,50.08,48.93,48.96
3/24/2016 22:00,47.89,48.8,47.51,48.67
3/28/2016 23:00,48.88,49.06,48.04,48.56
3/29/2016 23:00,47.53,47.8,47.09,47.5
3/30/2016 23:00,48.34,49.03,47.32,47.54
3/31/2016 23:00,47.4,48.22,47,47.48
4/1/2016 23:00,46.23,46.38,45.9,45.94
4/4/2016 23:00,45.84,46.39,44.77,44.9
4/5/2016 23:00,44.61,45.18,44.53,45.12
4/6/2016 23:00,45.86,47.08,45.81,46.92
4/7/2016 23:00,46.7,46.81,45.87,46.48
4/8/2016 23:00,48.4,49.02,48.33,48.93
4/11/2016 23:00,49.33,49.93,49.1,49.65
4/12/2016 23:00,49.79,51.43,49.5,51.3
4/13/2016 23:00,50.77,51.6,50.44,50.88
4/14/2016 23:00,51.09,51.27,50.62,50.63
4/15/2016 23:00,49.59,49.88,49.16,49.58
4/18/2016 23:00,47.9,49.49,47.64,49
4/19/2016 23:00,49.32,50.71,49.05,50.17
4/20/2016 23:00,49.46,52.09,49.22,51.98
4/21/2016 23:00,51.94,52.04,50.88,51.01
4/22/2016 23:00,51.59,52.28,51.3,51.6
4/25/2016 23:00,51.58,51.87,50.41,50.55
4/26/2016 23:00,51.09,52.03,51.02,51.77
4/27/2016 23:00,52.67,53.45,51.6,53.05
4/28/2016 23:00,53.47,53.97,52.97,53.87
4/29/2016 23:00,54.12,54.61,53.07,53.79
5/2/2016 23:00,53.73,53.98,52.37,52.58
5/3/2016 23:00,52.43,52.48,51.15,51.47
5/4/2016 23:00,52.18,52.71,51.05,51.61
5/5/2016 23:00,53.81,53.9,51.79,52.17
5/6/2016 23:00,51.72,53.17,51.63,52.42
5/9/2016 23:00,52.26,52.28,51.1,51.28
5/10/2016 23:00,51.63,52.59,51.3,52.53
5/11/2016 23:00,52.59,54.19,51.86,54.03
5/12/2016 23:00,54.43,54.85,53.44,54.49
5/13/2016 23:00,53.86,54.26,53.58,54.05
5/16/2016 23:00,55.1,55.68,55.09,55.55
5/17/2016 23:00,55.62,56.22,55.49,56.13
5/18/2016 23:00,56.03,56.74,55.78,55.92
5/19/2016 23:00,54.99,55.91,54.44,55.84
5/20/2016 23:00,55.8,56.16,55.13,55.6
5/23/2016 23:00,54.72,55.45,54.58,55.3
5/24/2016 23:00,55.68,56.11,55.3,55.83
5/25/2016 23:00,56.42,56.8,55.83,56.74
5/26/2016 23:00,57.15,57.3,56.4,56.62
5/27/2016 23:00,55.99,56.63,55.87,56.54
5/30/2016 19:00,56.48,56.8,56.38,56.78
5/31/2016 23:00,56.65,57.28,56.22,56.28
6/1/2016 23:00,55.55,56.34,54.93,56.24
6/2/2016 23:00,55.63,56.57,55.15,56.32
6/3/2016 23:00,56.24,56.44,55.51,55.87
6/6/2016 23:00,56.81,57.08,56.29,56.91
6/7/2016 23:00,57.47,57.57,57.02,57.56
6/8/2016 23:00,58.22,58.52,57.86,58.41
6/9/2016 23:00,57.71,58.05,57.41,57.71
6/10/2016 23:00,56.95,57.14,56.03,56.24
6/13/2016 23:00,55.45,56.46,55.34,56.06
6/14/2016 23:00,55.48,55.87,55.34,55.67
6/15/2016 23:00,54.96,55.9,54.77,55.11
6/16/2016 23:00,54.38,54.51,53.32,53.37
6/17/2016 23:00,54.36,55.28,54.27,55.24
6/20/2016 23:00,56.08,56.64,55.79,56.61
6/21/2016 23:00,55.64,56.58,55.49,56.44
6/22/2016 23:00,56.72,56.99,55.04,55.76
6/23/2016 23:00,56.57,56.81,55.9,56.76
6/24/2016 23:00,54.31,55.06,54,54.24
6/27/2016 23:00,53.21,53.54,52.47,53.12
6/28/2016 23:00,54.36,54.58,53.48,54.56
6/29/2016 23:00,54.95,56.64,54.65,56.48
6/30/2016 23:00,55.4,55.94,54.81,54.9
7/1/2016 23:00,54.66,55.72,54.57,55.65
7/4/2016 19:00,55.78,55.81,55.3,55.4
7/5/2016 23:00,54.17,54.3,52.97,53.37
7/6/2016 23:00,52.78,54.32,52.67,54.01
7/7/2016 23:00,54.63,54.89,51.51,51.83
7/8/2016 23:00,52.42,52.61,51.41,51.99
7/11/2016 23:00,51.71,52.41,51.06,51.4
7/12/2016 23:00,51.22,53.57,51.15,53.44
7/13/2016 23:00,53.22,53.35,51.2,51.39
7/14/2016 23:00,51.78,52.44,51.59,52.32
7/15/2016 23:00,52.16,52.97,51.69,52.59
7/18/2016 23:00,52.77,52.78,51.48,51.88
7/19/2016 23:00,51.87,52.32,51.22,51.39
7/20/2016 23:00,51.36,52.07,50.49,51.69
7/21/2016 23:00,51.59,52.03,50.46,50.69
7/22/2016 23:00,50.54,50.91,49.68,50.13
7/25/2016 23:00,50.14,50.31,48.91,49.07
7/26/2016 23:00,49.01,49.33,48.3,48.86
7/27/2016 23:00,48.6,49.14,47.62,47.86
7/28/2016 23:00,47.87,48.16,46.98,47.08
7/29/2016 23:00,47.06,47.61,46.51,47.54
8/1/2016 23:00,47.29,47.82,45.76,46
8/2/2016 23:00,46.02,46.85,45.2,45.45
8/3/2016 23:00,45.64,47.14,45.13,46.77
8/4/2016 23:00,47.1,48.02,46.37,47.87
8/5/2016 23:00,47.78,48.04,47,47.74
8/8/2016 23:00,47.93,49.33,47.75,48.96
8/9/2016 23:00,48.77,49.46,48.41,48.71
8/10/2016 23:00,48.68,49.33,47.36,47.65
8/11/2016 23:00,47.42,49.8,47.04,49.43
8/12/2016 23:00,49.4,50.72,49.25,50.43
8/15/2016 23:00,50.68,51.87,50.32,51.68
8/16/2016 23:00,51.53,52.67,51.28,52.52
8/17/2016 23:00,52.31,52.89,51.78,52.73
8/18/2016 23:00,52.83,54.3,52.53,54.14
8/19/2016 23:00,54.2,54.61,53.8,54.36
8/22/2016 23:00,54.27,54.33,52.58,52.66
8/23/2016 23:00,52.64,53.57,51.84,53.35
8/24/2016 23:00,52.84,52.99,51.7,52.02
8/25/2016 23:00,52.05,52.71,51.67,52.58
8/26/2016 23:00,52.62,53.71,52.19,52.89
8/29/2016 23:00,52.47,52.53,51.87,52.23
8/30/2016 23:00,52.23,52.74,51.46,51.6
8/31/2016 23:00,51.49,51.66,49.76,49.95
9/1/2016 23:00,50.1,50.33,48.25,48.41
9/2/2016 23:00,48.8,49.92,48.41,49.69
9/5/2016 23:00,49.4,51.78,49.31,50.42
9/6/2016 23:00,50.29,50.87,49.09,50.08
9/7/2016 23:00,50.1,51.42,49.8,50.75
9/8/2016 23:00,51.37,53,51.02,52.87
9/9/2016 23:00,52.61,52.61,50.81,51.13
9/12/2016 23:00,50.82,51.76,49.97,51.54
9/13/2016 23:00,51.31,51.38,50.02,50.15
9/14/2016 23:00,50.25,50.58,48.67,48.83
9/15/2016 23:00,48.95,49.59,48.51,49.16
9/16/2016 23:00,48.96,48.99,47.99,48.26
9/19/2016 23:00,48.34,49.34,48.3,48.5
9/20/2016 23:00,48.38,49.23,47.7,48.69
9/21/2016 23:00,49.14,50.29,49.14,49.98
9/22/2016 23:00,50.26,51.16,50.16,50.96
9/23/2016 23:00,50.71,51.19,48.86,49.12
9/26/2016 23:00,49.26,50.84,49.07,50.57
9/27/2016 23:00,50.26,50.6,48.83,49.31
9/28/2016 23:00,49.6,52.09,48.99,51.69
9/29/2016 23:00,51.84,52.96,51.24,52.47
9/30/2016 23:00,52.4,52.94,51.68,52.88
10/3/2016 23:00,52.68,53.66,52.42,53.45
10/4/2016 23:00,53.29,53.9,52.9,53.33
10/5/2016 23:00,53.9,54.61,53.74,54.47
10/6/2016 23:00,54.29,55.27,53.97,55.08
10/7/2016 23:00,55.23,55.38,54.04,54.45
10/10/2016 23:00,54.21,56.24,53.79,55.99
10/11/2016 23:00,55.74,56.18,55.03,55.43
10/12/2016 23:00,55.48,55.81,54.53,54.82
10/13/2016 23:00,54.64,55.23,54,55.08
10/14/2016 23:00,55.22,55.78,54.54,54.99
10/17/2016 23:00,54.87,55.22,54.11,54.58
10/18/2016 23:00,54.69,55.34,54.37,54.86
10/19/2016 23:00,55.33,56.46,55.25,56.06
10/20/2016 23:00,55.82,56.07,54.68,54.87
10/21/2016 23:00,54.9,55.26,54.45,55.09
10/24/2016 23:00,55.09,55.22,53.86,54.76
10/25/2016 23:00,54.73,55.17,53.51,54.2
10/26/2016 23:00,53.55,54.34,53.11,53.42
10/27/2016 23:00,53.46,54.3,53.24,53.96
10/28/2016 23:00,53.85,54.05,52.66,52.94
10/31/2016 22:00,52.49,52.98,50.87,51.1
11/1/2016 22:00,51.01,51.59,50.44,50.91
11/2/2016 22:00,50.56,50.71,49.2,49.58
11/3/2016 22:00,49.72,50.14,48.61,48.9
11/4/2016 22:00,48.87,49.11,47.81,48.31
11/7/2016 23:00,48.69,49.25,48.35,49.13
11/8/2016 23:00,49.21,49.63,48.65,49.22
11/9/2016 23:00,49.06,50.19,47.31,49.51
11/10/2016 23:00,49.55,49.88,48.49,48.9
11/11/2016 23:00,48.59,48.87,47.27,47.65
11/14/2016 23:00,47.44,48.05,46.44,47.56
11/15/2016 23:00,48,50.33,47.79,50.05
11/16/2016 23:00,50.05,50.61,49.27,49.72
11/17/2016 23:00,49.49,50.74,49.09,49.6
11/18/2016 23:00,49.13,50.07,48.8,49.98
11/21/2016 23:00,50.22,52.13,50.08,51.86
11/22/2016 23:00,51.99,52.82,50.79,51.65
11/23/2016 23:00,51.56,52.05,51.02,51.58
11/24/2016 19:00,51.59,51.88,51.42,51.6
11/25/2016 19:15,51.6,51.66,49.68,49.68
11/28/2016 23:00,49.05,51.27,48.76,50.7
11/29/2016 23:00,50.5,50.6,48.44,48.85
11/30/2016 23:00,48.86,53.52,48.84,53.06
12/1/2016 23:00,52.69,55.42,52.6,54.68
12/2/2016 23:00,54.63,55.35,53.8,55.3
12/5/2016 23:00,55.08,56.04,54.55,55.41
12/6/2016 23:00,54.59,55.22,53.9,54.55
12/7/2016 23:00,54.55,54.82,53.34,53.39
12/8/2016 23:00,53.5,54.6,53.23,54.46
12/9/2016 23:00,54.54,55.28,54.48,55.12
12/12/2016 23:00,56.2,58.13,55.8,56.45
12/13/2016 23:00,56.13,57.03,55.97,56.6
12/14/2016 23:00,56.07,56.45,54.39,54.74
12/15/2016 23:00,54.49,55.2,53.75,54.62
12/16/2016 23:00,54.84,55.8,54.22,55.6
12/19/2016 23:00,55.9,56.24,55.22,55.71
12/20/2016 23:00,55.79,56.42,55.49,55.95
12/21/2016 23:00,56.21,56.44,54.97,55.14
12/22/2016 23:00,55.17,55.84,54.73,55.6
12/23/2016 23:00,55.33,55.93,54.91,55.67
12/27/2016 23:00,55.94,56.75,55.68,56.55
12/28/2016 23:00,56.58,57.02,56.21,56.71
12/29/2016 23:00,56.31,56.86,56.11,56.42
12/30/2016 23:00,56.52,56.74,56.06,56.37
1/3/2017 23:00,56.85,57.89,54.76,54.98
1/4/2017 23:00,55.14,56.08,54.8,55.91
1/5/2017 23:00,56.04,56.77,55.44,56.41
1/6/2017 23:00,56.38,56.97,55.97,56.64
1/9/2017 23:00,56.4,56.48,54.41,54.61
1/10/2017 23:00,54.48,55.02,53.36,53.47
1/11/2017 23:00,53.46,55.43,53.4,54.9
1/12/2017 23:00,55.02,56.15,54.77,55.66
1/13/2017 23:00,55.7,55.82,54.92,55.02
1/16/2017 19:00,55.2,55.37,54.77,54.88
1/17/2017 23:00,55.19,56.17,54.89,55.13
1/18/2017 23:00,55.18,55.46,53.57,54.03
1/19/2017 23:00,54.04,54.52,53.66,54.03
1/20/2017 23:00,54.05,55.52,53.98,55.07
1/23/2017 23:00,55.18,55.32,54.06,54.6
1/24/2017 23:00,54.71,55.41,54.52,55.03
1/25/2017 23:00,54.8,55.32,54.41,54.6
1/26/2017 23:00,54.81,55.91,54.64,55.63
1/27/2017 23:00,55.59,55.93,54.43,55.02
1/30/2017 23:00,55,55.31,54.26,54.48
1/31/2017 23:00,54.45,55.41,54.09,54.66
2/1/2017 23:00,54.61,55.76,54.49,55.73
2/2/2017 23:00,55.42,56.19,55.2,55.39
2/3/2017 23:00,55.53,56.07,55.25,55.68
2/6/2017 23:00,55.66,55.98,54.76,54.86
2/7/2017 23:00,54.99,55.09,53.48,54.02
2/8/2017 23:00,53.49,54.52,53.07,54.19
2/9/2017 23:00,54.22,55.06,54.22,54.85
2/10/2017 23:00,55,55.98,54.75,55.71
2/13/2017 23:00,55.65,55.8,54.62,54.78
2/14/2017 23:00,54.76,55.57,54.71,55.05
2/15/2017 23:00,54.86,55.37,54.59,54.96
2/16/2017 23:00,54.9,55.42,54.48,55.11
2/17/2017 23:00,55.23,55.27,54.65,55.14
2/20/2017 19:00,55.26,55.6,55.08,55.33
2/21/2017 23:00,55.35,56.39,55.28,55.69
2/22/2017 23:00,55.62,55.96,54.71,54.95
2/23/2017 23:00,55.27,56.3,55.23,55.81
2/24/2017 23:00,55.69,55.87,55.12,55.35
2/27/2017 23:00,55.38,55.97,55.3,55.41
2/28/2017 23:00,55.4,55.59,54.54,55.37
3/1/2017 23:00,55.31,55.8,54.99,55.19
3/2/2017 23:00,55.05,55.16,53.9,53.97
3/3/2017 23:00,53.94,54.75,53.91,54.69
3/6/2017 23:00,54.55,54.92,54.12,54.56
3/7/2017 23:00,54.53,55.16,54.07,54.5
3/8/2017 23:00,54.15,54.28,51.41,51.64
3/9/2017 23:00,51.58,52.2,49.95,50.64
3/10/2017 23:00,50.97,51.47,49.67,49.85
3/13/2017 22:00,49.81,50.04,49.26,49.76
3/14/2017 22:00,49.81,50.15,48.45,49.08
3/15/2017 22:00,50.12,50.4,49.52,50.22
3/16/2017 22:00,50.42,50.96,49.83,50.06
3/17/2017 22:00,50.11,50.53,49.92,50.13
3/20/2017 22:00,50.07,50.18,49.28,49.73
3/21/2017 22:00,49.73,50.3,48.81,49.06
3/22/2017 22:00,48.98,49.14,47.83,48.86
3/23/2017 22:00,48.97,49.3,48.4,48.52
3/24/2017 22:00,48.49,49.02,48.36,48.79
3/27/2017 23:00,48.94,49.1,47.9,48.55
3/28/2017 23:00,48.71,49.56,48.62,49.19
3/29/2017 23:00,49.29,50.45,49.2,50.33
3/30/2017 23:00,50.42,51.29,50.09,51.17
3/31/2017 23:00,51.14,51.67,50.72,51.42
4/3/2017 23:00,51.51,51.65,50.94,51.06
4/4/2017 23:00,51.06,52.12,50.7,51.85
4/5/2017 23:00,52,52.7,51.56,51.97
4/6/2017 23:00,51.62,52.64,51.59,52.52
4/7/2017 23:00,52.52,53.76,52.31,53.06
4/10/2017 23:00,53.13,54,53.11,53.9
4/11/2017 23:00,53.95,54.27,53.52,54.22
4/12/2017 23:00,54.22,54.58,53.53,53.93
4/13/2017 23:00,53.67,54.21,53.64,54
4/17/2017 23:00,53.73,54.02,53.41,53.5
4/18/2017 23:00,53.58,53.69,52.93,53.24
4/19/2017 23:00,53.14,53.47,50.9,51.24
4/20/2017 23:00,51.42,51.77,50.89,51.1
4/21/2017 23:00,51.1,51.32,49.59,50.01
4/24/2017 23:00,50.07,50.61,49.42,49.62
4/25/2017 23:00,49.61,50.22,49.26,49.95
4/26/2017 23:00,49.75,50.59,49.33,50.01
4/27/2017 23:00,49.61,49.82,48.59,49.36
4/28/2017 23:00,49.66,50.15,49.19,49.72
5/1/2017 23:00,49.56,49.71,48.98,49.23
5/2/2017 23:00,49.17,49.67,47.74,48.05
5/3/2017 23:00,48.51,48.62,47.69,48.21
5/4/2017 23:00,47.99,48.14,45.68,45.91
5/5/2017 23:00,45.9,47.07,44.15,46.61
5/8/2017 23:00,46.74,47.37,46.12,46.82
5/9/2017 23:00,46.88,47.17,45.92,46.27
5/10/2017 23:00,46.57,48.17,46.4,47.72
5/11/2017 23:00,47.78,48.61,47.73,48.22
5/12/2017 23:00,48.2,48.46,47.74,48.23
5/15/2017 23:00,48.24,50.05,48.14,49.24
5/16/2017 23:00,49.21,49.77,48.56,49.05
5/17/2017 23:00,48.59,49.9,48.43,49.47
5/18/2017 23:00,49.31,49.99,48.44,49.72
5/19/2017 23:00,49.73,50.96,49.66,50.73
5/22/2017 23:00,50.99,51.49,50.81,51.19
5/23/2017 23:00,51.1,51.85,50.63,51.53
5/24/2017 23:00,51.5,51.94,51.09,51.42
5/25/2017 23:00,51.31,52.06,48.51,48.96
5/26/2017 23:00,48.81,50,48.24,49.86
5/30/2017 23:00,50.13,50.13,49.09,49.72
5/31/2017 23:00,49.71,49.77,47.79,48.38
6/1/2017 23:00,48.69,49.23,47.96,48.42
6/2/2017 23:00,48.1,48.25,46.8,47.72
6/5/2017 23:00,47.77,48.48,46.92,47.46
6/6/2017 23:00,47.46,48.46,47,48.25
6/7/2017 23:00,48.04,48.29,45.71,45.78
6/8/2017 23:00,45.91,46.24,45.26,45.7
6/9/2017 23:00,45.77,46.24,45.33,45.89
6/12/2017 23:00,45.86,46.77,45.72,46.14
6/13/2017 23:00,46.07,46.63,45.62,46.52
6/14/2017 23:00,46,46.55,44.6,44.79
6/15/2017 23:00,44.75,44.88,44.3,44.53
6/16/2017 23:00,44.31,45.03,44.31,44.82
6/19/2017 23:00,44.74,45.13,44.11,44.28
6/20/2017 23:00,44.18,44.54,42.79,43.36
6/21/2017 23:00,43.23,44.05,41.9,42.38
6/22/2017 23:00,42.4,43.17,42.11,42.59
6/23/2017 23:00,42.65,43.05,42.38,42.86
6/26/2017 23:00,43.01,43.5,42.48,43.23
6/27/2017 23:00,43.34,44.29,43.17,44.09
6/28/2017 23:00,43.55,44.75,43.52,44.59
6/29/2017 23:00,44.74,45.3,44.5,44.78
6/30/2017 23:00,44.74,46.2,44.73,45.89
7/3/2017 23:00,46.13,46.95,45.77,46.92
7/4/2017 19:00,46.89,47.17,46.59,46.93
7/5/2017 23:00,46.92,47.09,44.36,44.98
7/6/2017 23:00,45.5,46.38,45.03,45.37
7/7/2017 23:00,45.2,45.27,43.63,44.08
7/10/2017 23:00,44.2,44.69,43.5,44.25
7/11/2017 23:00,44.43,45.66,43.68,44.89
7/12/2017 23:00,45.59,46.33,44.96,45.34
7/13/2017 23:00,45.29,46.13,44.84,45.93
7/14/2017 23:00,45.93,46.59,45.65,46.39
7/17/2017 23:00,46.55,46.74,45.76,45.89
7/18/2017 23:00,45.83,46.8,45.68,46.25
7/19/2017 23:00,46.14,47.12,45.98,46.98
7/20/2017 23:00,46.93,47.4,46.47,46.58
7/21/2017 23:00,46.57,46.87,45.2,45.43
7/24/2017 23:00,45.28,46.19,45.06,46
7/25/2017 23:00,46.12,48.32,46.04,47.55
7/26/2017 23:00,48.17,48.53,47.52,48.41
7/27/2017 23:00,48.36,48.9,47.91,48.7
7/28/2017 23:00,48.83,49.47,48.52,49.37
7/31/2017 23:00,49.51,50.07,48.84,49.83
8/1/2017 23:00,49.87,50.09,48.03,48.82
8/2/2017 23:00,48.46,49.31,48.21,49.25
8/3/2017 23:00,49.25,49.62,48.44,48.69
8/4/2017 23:00,48.61,49.3,48.16,49.24
8/7/2017 23:00,49.25,49.39,48.2,49.05
8/8/2017 23:00,48.97,49.45,48.52,48.83
8/9/2017 23:00,48.66,49.38,48.56,49.22
8/10/2017 23:00,49.34,49.88,48.01,48.25
8/11/2017 23:00,48.18,48.64,47.64,48.48
8/14/2017 23:00,48.45,48.82,47.09,47.25
8/15/2017 23:00,47.15,47.56,46.68,47.21
8/16/2017 23:00,47.38,47.65,46.33,46.44
8/17/2017 23:00,46.44,46.83,46.11,46.73
8/18/2017 23:00,46.57,48.39,46.42,48.15
8/21/2017 23:00,48.38,48.4,46.7,47.02
8/22/2017 23:00,47.08,47.7,46.85,47.32
8/23/2017 23:00,47.13,47.99,47.02,47.9
8/24/2017 23:00,47.85,47.92,46.55,46.92
8/25/2017 23:00,47.11,47.4,46.88,47.36
8/28/2017 23:00,47.38,47.69,45.64,46.06
8/29/2017 23:00,46.35,46.45,45.25,45.93
8/30/2017 23:00,45.8,46.21,45.33,45.45
8/31/2017 23:00,45.44,46.96,45.07,46.72
9/1/2017 23:00,46.57,46.84,46.05,46.78
9/5/2017 23:00,46.88,48.47,46.84,48.15
9/6/2017 23:00,48.08,48.91,48.01,48.65
9/7/2017 23:00,48.63,48.82,48.12,48.58
9/8/2017 23:00,48.58,48.75,46.76,46.97
9/11/2017 23:00,47.07,47.76,46.49,47.56
9/12/2017 23:00,47.61,47.93,47.22,47.72
9/13/2017 23:00,47.83,48.89,47.61,48.79
9/14/2017 23:00,48.8,49.99,48.64,49.38
9/15/2017 23:00,49.22,49.64,48.91,49.47
9/18/2017 23:00,49.42,49.88,48.71,49.38
9/19/2017 23:00,49.41,49.85,48.76,48.93
9/20/2017 23:00,49.3,50.14,49.16,49.72
9/21/2017 23:00,49.75,49.84,49.1,49.58
9/22/2017 23:00,49.76,49.81,49.32,49.69
9/25/2017 23:00,49.71,51.31,49.42,51.25
9/26/2017 23:00,51.15,51.46,50.46,50.91
9/27/2017 23:00,51.12,51.37,50.66,51.17
9/28/2017 23:00,51.08,51.89,50.25,50.59
9/29/2017 23:00,50.61,50.8,50.28,50.7
10/2/2017 23:00,50.67,50.74,49.1,49.61
10/3/2017 23:00,49.62,49.76,49.17,49.45
10/4/2017 23:00,49.19,49.7,48.79,49.01
10/5/2017 23:00,48.91,50.25,48.88,49.82
10/6/2017 23:00,49.78,49.85,48.13,48.32
10/9/2017 23:00,48.28,48.82,48.16,48.61
10/10/2017 23:00,48.58,50.09,48.57,49.95
10/11/2017 23:00,49.97,50.45,49.64,50.33
10/12/2017 23:00,50.03,50.16,49.18,49.63
10/13/2017 23:00,49.76,50.75,49.73,50.48
10/16/2017 23:00,50.46,51.4,50.38,50.9
10/17/2017 23:00,50.96,51.27,50.24,50.87
10/18/2017 23:00,50.93,51.32,50.68,51.02
10/19/2017 23:00,51.02,51.15,50.04,50.27
10/20/2017 23:00,50.35,50.85,49.63,50.6
10/23/2017 23:00,50.83,51.06,50.44,50.66
10/24/2017 23:00,50.65,51.38,50.31,51.23
10/25/2017 23:00,51.32,51.33,50.65,50.94
10/26/2017 23:00,50.95,51.62,50.67,51.4
10/27/2017 23:00,51.56,52.96,51.01,52.66
10/30/2017 22:00,52.92,53.22,52.51,52.91
10/31/2017 22:00,52.84,53.61,52.69,53.14
11/1/2017 22:00,53.41,53.98,52.65,53.06
11/2/2017 22:00,53.04,53.6,52.75,53.3
11/3/2017 22:00,53.49,54.52,53.16,54.4
11/6/2017 23:00,54.73,56.37,54.42,56.11
11/7/2017 23:00,56.03,56.45,55.59,55.96
11/8/2017 23:00,55.72,56.68,55.17,55.57
11/9/2017 23:00,55.61,56.29,55.45,55.93
11/10/2017 23:00,55.78,56.11,55.31,55.5
11/13/2017 23:00,55.66,55.91,55.06,55.52
11/14/2017 23:00,55.48,55.53,53.57,54.46
11/15/2017 23:00,53.85,54.34,53.68,54.12
11/16/2017 23:00,54.11,54.43,53.75,53.95
11/17/2017 23:00,54.06,55.42,53.99,55.31
11/20/2017 23:00,55.4,55.53,54.35,55.02
11/21/2017 23:00,54.98,55.82,54.92,55.43
11/22/2017 23:00,55.72,56.75,55.63,56.62
11/23/2017 19:00,56.65,57.18,56.35,57.16
11/24/2017 19:45,57.14,57.65,56.96,57.55
11/27/2017 23:00,57.55,57.59,56.15,56.71
11/28/2017 23:00,56.46,56.71,56.02,56.59
11/29/2017 23:00,56.33,56.9,55.35,55.9
11/30/2017 23:00,56.01,56.58,55.42,56
12/1/2017 23:00,56.02,57.48,55.89,56.96
12/4/2017 23:00,56.92,56.94,55.95,56.07
12/5/2017 23:00,56.08,56.52,55.68,56.22
12/6/2017 23:00,56.05,56.17,54.47,54.56
12/7/2017 23:00,54.6,55.38,54.42,55.29
12/8/2017 23:00,55.25,56.39,55.14,55.96
12/11/2017 23:00,55.85,56.68,55.51,56.59
12/12/2017 23:00,56.62,57.16,55.45,55.74
12/13/2017 23:00,56.05,56.43,55.15,55.2
12/14/2017 23:00,55.28,55.88,54.72,55.69
12/15/2017 23:00,55.8,56.12,55.6,55.94
12/18/2017 23:00,56.01,56.42,55.49,55.83
12/19/2017 23:00,55.95,56.41,55.81,56.17
12/20/2017 23:00,56.27,56.73,56.05,56.7
12/21/2017 23:00,56.63,56.99,56.24,56.97
12/22/2017 23:00,56.82,57.11,56.48,57.08
12/26/2017 23:00,57.01,58.62,56.93,58.58
12/27/2017 23:00,58.4,58.54,57.94,58.25
12/28/2017 23:00,58.14,58.55,58.05,58.45
12/29/2017 23:00,58.52,59.12,58.43,59.03
1/2/2018 23:00,58.81,59.35,58.71,58.98
1/3/2018 23:00,59,60.58,58.89,60.24
1/4/2018 23:00,60.57,60.82,60.2,60.62
1/5/2018 23:00,60.51,60.65,59.7,60.05
1/8/2018 23:00,60.22,60.58,59.95,60.34
1/9/2018 23:00,60.53,62.09,60.41,61.57
1/10/2018 23:00,62.02,62.28,61.7,62.18
1/11/2018 23:00,62.11,63.38,62.04,62.41
1/12/2018 23:00,62.18,63.11,61.67,62.91
1/15/2018 19:00,63.04,63.5,62.7,63.42
1/16/2018 23:00,63.41,63.42,62,62.34
1/17/2018 23:00,62.49,62.81,61.92,62.59
1/18/2018 23:00,62.67,62.95,62.11,62.56
1/19/2018 23:00,62.35,62.4,61.45,61.98
1/22/2018 23:00,62.17,62.8,61.72,62.24
1/23/2018 23:00,62.55,63.55,62.37,63.14
1/24/2018 23:00,63.09,64.72,63.01,64.28
1/25/2018 23:00,64.55,65.33,63.75,64.18
1/26/2018 23:00,63.92,65.02,63.58,64.81
1/29/2018 23:00,64.85,65.13,63.65,64.23
1/30/2018 23:00,64.2,64.23,62.56,63.17
1/31/2018 23:00,62.7,63.61,62.34,63.4
2/1/2018 23:00,63.43,64.92,63.3,64.47
2/2/2018 23:00,64.66,64.97,63.14,64.12
2/5/2018 23:00,63.77,64.07,62.09,62.82
2/6/2018 23:00,62.1,62.96,61.79,62.06
2/7/2018 23:00,62.59,62.85,59.92,60.46
2/8/2018 23:00,60.37,60.76,58.94,59.82
2/9/2018 23:00,59.1,59.44,56.74,57.87
2/12/2018 23:00,57.79,59.5,57.77,57.96
2/13/2018 23:00,58.02,58.4,57.06,57.86
2/14/2018 23:00,57.65,59.57,56.87,59.27
2/15/2018 23:00,59.34,60.25,58.38,59.96
2/16/2018 23:00,60.07,60.66,59.55,60.34
2/19/2018 19:00,60.3,61.29,60.28,61.16
2/20/2018 23:00,61.16,61.44,60.22,60.58
2/21/2018 23:00,60.42,60.65,59.71,60.47
2/22/2018 23:00,60.13,61.88,59.54,61.56
2/23/2018 23:00,61.39,62.52,61.12,62.34
2/26/2018 23:00,62.39,63.03,61.85,62.7
2/27/2018 23:00,62.85,62.87,61.43,61.8
2/28/2018 23:00,61.58,62.23,60.15,60.43
3/1/2018 23:00,60.34,60.62,58.97,59.78
3/2/2018 23:00,60.13,60.39,58.92,60.04
3/5/2018 23:00,60.34,61.58,59.89,61.36
3/6/2018 23:00,61.37,62.07,60.96,61.39
3/7/2018 23:00,61.09,61.37,59.37,59.94
3/8/2018 23:00,60.12,60.19,58.74,58.91
3/9/2018 23:00,59.06,60.97,58.93,60.83
3/12/2018 22:00,60.89,61.12,59.46,60.15
3/13/2018 22:00,60.16,60.76,59.06,59.5
3/14/2018 22:00,59.66,60.12,58.9,59.75
3/15/2018 22:00,59.73,60.33,59.59,59.98
3/16/2018 22:00,59.97,61.33,59.87,61.14
3/19/2018 22:00,61.03,61.17,60.18,60.86
3/20/2018 22:00,60.93,62.71,60.86,62.27
3/21/2018 22:00,62.45,64.28,62.31,63.9
3/22/2018 22:00,64.23,64.47,62.87,63.03
3/23/2018 22:00,63.01,64.73,62.84,64.61
3/26/2018 23:00,64.63,65.28,63.81,64.28
3/27/2018 23:00,64.26,65.14,63.26,63.98
3/28/2018 23:00,63.43,63.86,62.45,63.11
3/29/2018 23:00,63.42,63.99,62.89,63.67
4/2/2018 23:00,63.64,64.15,61.53,61.74
4/3/2018 23:00,61.62,62.59,61.59,62.24
4/4/2018 23:00,62.32,62.37,60.79,62.1
4/5/2018 23:00,62.33,62.85,61.8,62.27
4/6/2018 23:00,62.43,62.52,60.54,60.79
4/9/2018 23:00,60.73,62.34,60.66,62.15
4/10/2018 23:00,62.03,64.59,61.93,64.24
4/11/2018 23:00,64.32,66.18,63.88,65.55
4/12/2018 23:00,65.48,66.06,64.73,65.8
4/13/2018 23:00,65.91,66.49,65.43,66.12
4/16/2018 23:00,65.97,66.47,64.86,64.95
4/17/2018 23:00,65.14,65.46,64.33,65.25
4/18/2018 23:00,65.43,67.64,65.28,67.21
4/19/2018 23:00,67.47,68.29,66.74,67.07
4/20/2018 23:00,66.96,67.4,66.23,67.14
4/23/2018 23:00,66.96,67.77,65.88,67.38
4/24/2018 23:00,67.69,68.12,66.28,66.44
4/25/2018 23:00,66.49,66.92,65.85,66.79
4/26/2018 23:00,66.77,67.52,66.45,66.93
4/27/2018 23:00,66.95,67.1,66.38,66.84
4/30/2018 23:00,66.89,68.08,65.91,67.31
5/1/2018 23:00,67.3,67.64,65.59,65.99
5/2/2018 23:00,66.23,66.88,65.66,66.67
5/3/2018 23:00,66.42,67.34,65.95,67.17
5/4/2018 23:00,67.24,68.71,66.86,68.46
5/7/2018 23:00,68.59,69.58,68.25,69.47
5/8/2018 23:00,68.77,69.14,66.37,67.8
5/9/2018 23:00,68.79,70.1,68.59,69.88
5/10/2018 23:00,69.97,70.63,69.3,70.1
5/11/2018 23:00,70.19,70.37,69.19,69.44
5/14/2018 23:00,69.28,70,69,69.7
5/15/2018 23:00,69.89,70.66,69.16,70.05
5/16/2018 23:00,69.76,70.33,69.4,70.23
5/17/2018 23:00,70.28,71.03,69.88,70.23
5/18/2018 23:00,70.3,70.52,69.75,70.03
5/21/2018 23:00,70.16,71.34,69.98,71.01
5/22/2018 23:00,71.28,71.56,70.48,70.86
5/23/2018 23:00,70.77,70.92,69.85,70.5
5/24/2018 23:00,70.49,70.66,69.18,69.37
5/25/2018 23:00,69.31,69.46,66.08,66.54
5/28/2018 19:00,66.21,66.21,64.46,65.13
5/29/2018 23:00,65.15,66.01,64.58,65.39
5/30/2018 23:00,65.51,67.33,65.01,66.87
5/31/2018 23:00,66.9,66.96,65.22,65.7
6/1/2018 23:00,65.73,66,64.17,64.47
6/4/2018 23:00,64.37,64.7,63.23,63.41
6/5/2018 23:00,63.6,64.23,62.88,64.18
6/6/2018 23:00,64.17,64.62,62.93,63.39
6/7/2018 23:00,63.73,64.73,63.47,64.61
6/8/2018 23:00,64.64,64.9,63.81,64.4
6/11/2018 23:00,64.22,65.01,63.51,64.76
6/12/2018 23:00,64.71,65.36,64.53,65.02
6/13/2018 23:00,64.67,65.55,64.18,65.3
6/14/2018 23:00,65.28,65.82,65.02,65.55
6/15/2018 23:00,65.66,65.73,62.93,63.69
6/18/2018 23:00,63.06,64.66,62.24,64.53
6/19/2018 23:00,64.54,64.58,63.07,63.74
6/20/2018 23:00,63.77,65.19,63.63,64.55
6/21/2018 23:00,64.18,65.06,63.18,64.38
6/22/2018 23:00,64.77,68.22,64.55,67.42
6/25/2018 23:00,67.59,68.28,66.62,66.92
6/26/2018 23:00,67.05,69.75,66.56,69.37
6/27/2018 23:00,69.52,71.9,69.4,71.6
6/28/2018 23:00,71.11,72.87,71.04,72.29
6/29/2018 23:00,72.17,73.3,71.77,72.99
7/2/2018 23:00,72.46,73.19,71.35,72.78
7/3/2018 23:00,72.92,74.11,71.57,72.98
7/4/2018 19:00,73.07,73.74,72.34,73.17
7/5/2018 23:00,73.19,73.64,71.37,71.78
7/6/2018 23:00,72,72.85,70.98,72.64
7/9/2018 23:00,72.71,73.12,71.83,72.69
7/10/2018 23:00,72.88,73.54,72.49,72.95
7/11/2018 23:00,73.04,73.1,68.86,69.22
7/12/2018 23:00,69.44,70.08,68.07,69.17
7/13/2018 23:00,69.22,70.5,68.68,69.85
7/16/2018 23:00,69.36,69.71,66.42,66.9
7/17/2018 23:00,66.85,67.35,66.09,66.9
7/18/2018 23:00,66.46,67.75,66.03,67.49
7/19/2018 23:00,67.7,68.53,66.36,67.98
7/20/2018 23:00,67.77,68.65,67.43,68
7/23/2018 23:00,67.91,69.05,67.34,67.63
7/24/2018 23:00,67.54,68.79,67.3,68.26
7/25/2018 23:00,68.51,69.44,67.94,69.04
7/26/2018 23:00,69.12,69.66,68.66,69.35
7/27/2018 23:00,69.32,69.51,68,68.43
7/30/2018 23:00,68.75,70.17,68.54,69.87
7/31/2018 23:00,69.79,69.96,67.72,68.5
8/1/2018 23:00,68.17,68.26,67.05,67.4
8/2/2018 23:00,67.6,69.1,66.66,68.7
8/3/2018 23:00,68.73,68.98,67.61,68.23
8/6/2018 23:00,68.39,69.66,68.24,68.75
8/7/2018 23:00,68.64,69.57,68.55,68.91
8/8/2018 23:00,68.83,69.11,66.06,66.68
8/9/2018 23:00,66.53,67.15,66.23,66.55
8/10/2018 23:00,66.48,67.61,65.88,67.37
8/13/2018 23:00,67.52,67.69,65.45,66.94
8/14/2018 23:00,67.16,68.11,66.32,66.78
8/15/2018 23:00,66.36,66.64,64.25,64.75
8/16/2018 23:00,64.65,65.25,64.19,65.18
8/17/2018 23:00,65.15,66.06,64.99,65.51
8/20/2018 23:00,65.51,65.92,65.15,65.72
8/21/2018 23:00,65.74,66.79,65.61,66.14
8/22/2018 23:00,66.38,68.45,66.28,68.16
8/23/2018 23:00,68.37,68.42,67.62,68.13
8/24/2018 23:00,68.2,69.61,68.08,69.02
8/27/2018 23:00,68.87,69.27,68.64,69.17
8/28/2018 23:00,69.23,69.5,68.51,68.83
8/29/2018 23:00,68.84,70.06,68.67,69.81
8/30/2018 23:00,70.01,70.8,69.85,70.55
8/31/2018 23:00,70.36,70.66,69.94,70.1
9/3/2018 19:00,70.19,70.51,69.83,70.4
9/4/2018 23:00,70.42,71.7,69.38,70.17
9/5/2018 23:00,69.73,69.89,68.86,69.02
9/6/2018 23:00,68.94,69.32,67.3,68.07
9/7/2018 23:00,68.18,68.38,67.16,68.05
9/10/2018 23:00,68.12,68.82,67.63,67.84
9/11/2018 23:00,67.83,70.31,67.78,69.55
9/12/2018 23:00,70.19,71.56,69.8,70.67
9/13/2018 23:00,70.54,70.58,68.65,68.89
9/14/2018 23:00,69.09,70.21,68.24,69.29
9/17/2018 23:00,69.23,70.03,68.84,69.21
9/18/2018 23:00,69.11,70.7,68.82,70.12
9/19/2018 23:00,69.99,71.6,69.89,71.3
9/20/2018 23:00,71.51,71.88,70.56,70.85
9/21/2018 23:00,70.73,72.33,70.51,71.31
9/24/2018 23:00,71.67,73.27,71.67,72.61
9/25/2018 23:00,72.78,73.31,72.42,72.81
9/26/2018 23:00,72.62,72.91,72,72.1
9/27/2018 23:00,72.54,73.13,72.24,72.65
9/28/2018 23:00,72.71,74.26,72.41,73.78
10/1/2018 23:00,73.82,76.3,73.48,75.83
10/2/2018 23:00,75.95,76.44,75.46,75.76
10/3/2018 23:00,75.65,77.43,74.83,76.94
10/4/2018 23:00,76.71,77,74.41,74.86
10/5/2018 23:00,75.2,75.75,74.36,74.87
10/8/2018 23:00,74.93,75.11,73.6,74.82
10/9/2018 23:00,74.74,75.81,74.53,75.49
10/10/2018 23:00,75.19,75.61,72.91,73.7
10/11/2018 23:00,73.21,73.29,71.04,71.5
10/12/2018 23:00,71.52,72.54,71.17,71.87
10/15/2018 23:00,72.38,73.23,71.38,72.31
10/16/2018 23:00,72.25,72.82,71.55,72.45
10/17/2018 23:00,72.74,72.96,70.05,70.37
10/18/2018 23:00,70.61,70.66,69.2,69.38
10/19/2018 23:00,69.43,70.57,69.29,69.95
10/22/2018 23:00,70.27,70.51,69.13,70.03
10/23/2018 23:00,70.22,70.33,66.41,67.1
10/24/2018 23:00,66.84,68.39,66.72,67.49
10/25/2018 23:00,67.03,68.32,66.66,68
10/26/2018 23:00,67.62,68.55,66.87,68.26
10/29/2018 22:00,68.22,68.62,66.96,67.71
10/30/2018 22:00,67.35,67.93,66,66.85
10/31/2018 22:00,66.99,67.67,65.48,65.98
11/1/2018 22:00,65.55,66.06,63.78,64.36
11/2/2018 22:00,64.17,64.62,63.3,63.81
11/5/2018 23:00,63.66,64.81,63.19,63.77
11/6/2018 23:00,63.37,63.99,61.98,62.88
11/7/2018 23:00,62.41,63.85,61.87,62.34
11/8/2018 23:00,62.31,63.09,61.07,61.34
11/9/2018 23:00,61.42,61.46,59.93,60.86
11/12/2018 23:00,61.37,61.95,59.35,60.6
11/13/2018 23:00,59.55,60.02,55.42,56.36
11/14/2018 23:00,56.01,58.07,55.82,56.96
11/15/2018 23:00,56.76,58,56.32,57.2
11/16/2018 23:00,57.3,58.68,56.64,57.55
11/19/2018 23:00,57.55,58.1,55.8,57.72
11/20/2018 23:00,57.91,57.96,53.29,53.95
11/21/2018 23:00,53.91,56.38,53.91,55.15
11/22/2018 19:00,55.18,55.34,54.04,54.37
11/23/2018 19:45,54.39,54.64,50.67,50.94
11/26/2018 23:00,51.14,52.77,50.62,52.15
11/27/2018 23:00,52.06,52.9,50.82,52.08
11/28/2018 23:00,52.61,53.08,50.58,50.81
11/29/2018 23:00,50.83,52.72,49.93,51.97
11/30/2018 23:00,51.79,52.31,50.17,51.45
12/3/2018 23:00,52.97,54.37,52.55,53.47
12/4/2018 23:00,53.65,55.07,52.95,53.77
12/5/2018 23:00,53.11,54.96,52.68,53.41
12/6/2018 23:00,53.45,53.82,50.6,52.01
12/7/2018 23:00,52.28,54.74,51.12,53.13
12/10/2018 23:00,52.55,53.33,51.05,51.52
12/11/2018 23:00,51.41,52.95,51.22,52.17
12/12/2018 23:00,52.47,53.4,51.46,51.67
12/13/2018 23:00,51.72,53.79,50.87,53.1
12/14/2018 23:00,53.33,53.48,51.4,51.76
12/17/2018 23:00,51.81,52.44,49.61,50.49
12/18/2018 23:00,49.75,50.19,46.4,46.89
12/19/2018 23:00,46.6,48.65,46.59,48.46
12/20/2018 23:00,47.68,47.8,45.96,46.17
12/21/2018 23:00,46.54,47.06,45.42,45.88
12/24/2018 19:15,45.74,46.53,42.65,42.82
12/26/2018 23:00,43.14,47.29,42.81,46.51
12/27/2018 23:00,46.87,46.99,44.66,44.9
12/28/2018 23:00,45.73,46.51,44.71,45.62
12/31/2018 23:00,45.51,46.82,45.02,45.7
1/2/2019 23:00,46.09,48.07,44.64,46.83
1/3/2019 23:00,46.55,47.78,45.64,47.38
1/4/2019 23:00,47.19,49.51,46.94,48.25
1/7/2019 23:00,48.59,50.08,48.4,48.81
1/8/2019 23:00,49.02,50.24,48.6,50.07
1/9/2019 23:00,50.09,52.87,50,52.65
1/10/2019 23:00,52.47,53.07,51.66,52.88
1/11/2019 23:00,52.57,53.6,51.47,51.88
1/14/2019 23:00,52.02,52.4,50.67,50.8
1/15/2019 23:00,51.07,52.59,50.93,52.4
1/16/2019 23:00,52.29,52.81,51.55,52.6
1/17/2019 23:00,52.6,52.88,51.29,52.36
1/18/2019 23:00,52.53,54.14,52.37,54.04
1/21/2019 19:00,53.95,54.51,53.54,54.22
1/22/2019 23:00,54.18,54.32,52.04,53.01
1/23/2019 23:00,52.95,53.64,51.86,52.62
1/24/2019 23:00,52.45,53.47,52.07,53.13
